t,x,y,z,mf
0.1960000000,28.1943798065,14.0708341599,7.3282661438,32.35
0.2060000000,29.1871395111,13.4394502640,6.9299907684,32.87
0.2160000000,28.1943798065,14.2512292862,6.2130956650,32.20
0.2250000000,28.7900371552,12.8982639313,6.4520606995,32.20
0.2350000000,27.7972755432,13.7100429535,7.1689558029,31.81
0.2450000000,28.7900371552,14.3414268494,6.2927503586,32.77
0.2550000000,27.7972755432,13.1688575745,6.6910257339,31.48
0.2650000000,29.5842437744,13.8002405167,6.4520606995,33.28
0.2750000000,28.3929328918,13.9806365967,6.2927503586,32.27
0.2840000000,28.1943798065,14.0708341599,6.5317158699,32.18
0.2940000000,28.3929328918,13.4394502640,6.6113710403,32.10
0.3040000000,28.9885883331,13.3492527008,7.0096459389,32.68
0.3140000000,29.1871395111,13.9806365967,6.2927503586,32.97
0.3240000000,28.5914840698,13.7100429535,7.0096459389,32.47
0.3340000000,28.5914840698,13.5296478271,7.0096459389,32.40
0.3440000000,28.7900371552,13.4394502640,6.4520606995,32.42
0.3530000000,28.7900371552,13.4394502640,6.6113710403,32.45
0.3630000000,28.9885883331,13.1688575745,5.8944749832,32.38
0.3730000000,28.1943798065,13.7100429535,6.8503355980,32.09
0.3830000000,28.9885883331,13.3492527008,6.3724055290,32.54
0.3930000000,28.7900371552,13.4394502640,6.1334404945,32.36
0.4020000000,28.5914840698,13.7100429535,6.8503355980,32.44
0.4120000000,29.9813480377,13.0786600113,6.9299907684,33.44
0.4220000000,28.5914840698,13.8904380798,6.5317158699,32.45
0.4320000000,28.5914840698,14.0708341599,6.6910257339,32.56
0.4420000000,27.5987243652,13.9806365967,5.8148202896,31.48
0.4520000000,29.5842437744,13.6198453903,6.2927503586,33.17
0.4620000000,28.5914840698,14.0708341599,6.3724055290,32.50
0.4710000000,28.7900371552,13.4394502640,6.2927503586,32.39
0.4810000000,29.1871395111,13.8002405167,6.2927503586,32.89
0.4910000000,28.9885883331,13.5296478271,6.3724055290,32.62
0.5010000000,29.3856925964,13.5296478271,7.1689558029,33.14
0.5110000000,30.7755565643,13.9806365967,6.6113710403,34.44
0.5210000000,28.3929328918,13.4394502640,6.4520606995,32.07
0.5310000000,29.3856925964,13.5296478271,6.5317158699,33.00
0.5400000000,28.7900371552,13.8002405167,6.2927503586,32.54
0.5500000000,27.7972755432,13.7100429535,6.3724055290,31.64
0.5600000000,27.5987243652,14.1610317230,6.4520606995,31.68
0.5700000000,27.9958286285,13.8002405167,6.6113710403,31.90
0.5800000000,28.7900371552,13.6198453903,6.4520606995,32.50
0.5890000000,29.1871395111,13.4394502640,6.9299907684,32.87
0.6000000000,29.1871395111,13.6198453903,6.7706809044,32.91
0.6090000000,28.7900371552,13.2590551376,6.1334404945,32.28
0.6190000000,28.1943798065,13.7100429535,6.6910257339,32.06
0.6290000000,28.1943798065,13.7100429535,7.0096459389,32.13
0.6390000000,29.1871395111,13.6198453903,5.9741301537,32.76
0.6490000000,27.7972755432,13.5296478271,6.0537853241,31.50
0.6580000000,27.5987243652,13.9806365967,6.1334404945,31.54
0.6680000000,28.7900371552,13.4394502640,6.2927503586,32.39
0.6780000000,28.9885883331,14.2512292862,6.8503355980,33.02
0.6880000000,27.2016201019,13.6198453903,6.4520606995,31.10
0.6980000000,29.1871395111,13.6198453903,6.6113710403,32.88
0.7080000000,30.3784523010,13.6198453903,6.4520606995,33.91
0.7180000000,28.3929328918,13.6198453903,6.7706809044,32.21
0.7270000000,29.1871395111,13.0786600113,6.6113710403,32.66
0.7370000000,29.5842437744,14.5218219757,7.0893011093,33.71
0.7470000000,27.2016201019,14.1610317230,6.1334404945,31.27
0.7570000000,29.5842437744,13.8002405167,6.4520606995,33.28
0.7670000000,27.9958286285,13.9806365967,6.7706809044,32.02
0.7770000000,28.7900371552,13.6198453903,6.4520606995,32.50
0.7860000000,29.1871395111,13.8002405167,6.7706809044,32.99
0.7960000000,28.1943798065,13.7100429535,6.5317158699,32.02
0.8060000000,29.3856925964,13.8904380798,7.0096459389,33.25
0.8160000000,27.7972755432,13.7100429535,6.0537853241,31.58
0.8260000000,28.5914840698,13.7100429535,6.5317158699,32.37
0.8360000000,27.7972755432,13.5296478271,6.5317158699,31.60
0.8460000000,29.3856925964,13.7100429535,6.6910257339,33.11
0.8550000000,28.9885883331,13.8904380798,6.5317158699,32.80
0.8650000000,27.5987243652,13.9806365967,6.6113710403,31.64
0.8750000000,27.5987243652,13.9806365967,6.7706809044,31.67
0.8850000000,28.1943798065,14.2512292862,6.6910257339,32.29
0.8950000000,29.1871395111,14.1610317230,6.7706809044,33.14
0.9050000000,28.7900371552,13.4394502640,6.7706809044,32.49
0.9140000000,28.7900371552,13.2590551376,6.7706809044,32.41
0.9240000000,29.3856925964,13.8904380798,6.5317158699,33.15
0.9340000000,28.7900371552,13.0786600113,5.8148202896,32.15
0.9440000000,29.1871395111,13.2590551376,6.2927503586,32.67
0.9540000000,27.4001731873,14.0708341599,6.8503355980,31.55
0.9640000000,28.5914840698,13.3492527008,6.3724055290,32.19
0.9730000000,28.7900371552,13.6198453903,6.9299907684,32.59
0.9840000000,28.1943798065,13.7100429535,6.2130956650,31.96
0.9930000000,28.1943798065,14.0708341599,6.8503355980,32.25
1.0030000000,28.5914840698,13.3492527008,6.3724055290,32.19
1.0130000000,27.7972755432,13.8904380798,5.7351651192,31.60
1.0230000000,27.5987243652,13.9806365967,6.4520606995,31.60
1.0330000000,29.1871395111,13.4394502640,6.6113710403,32.81
1.0420000000,26.6059646606,13.7100429535,6.3724055290,30.60
1.0520000000,29.3856925964,13.3492527008,6.5317158699,32.93
1.0620000000,27.4001731873,13.8904380798,6.6910257339,31.44
1.0720000000,27.7972755432,14.0708341599,6.3724055290,31.80
1.0820000000,27.9958286285,14.5218219757,6.2927503586,32.16
1.0920000000,30.3784523010,13.9806365967,6.4520606995,34.06
1.1010000000,28.7900371552,13.4394502640,6.4520606995,32.42
1.1110000000,28.7900371552,13.6198453903,6.4520606995,32.50
1.1210000000,29.5842437744,13.0786600113,6.2927503586,32.95
1.1310000000,26.8045158386,14.1610317230,6.7706809044,31.06
1.1410000000,28.1943798065,13.8904380798,6.5317158699,32.10
1.1510000000,28.1943798065,13.1688575745,5.5758547783,31.61
1.1610000000,29.7827968597,13.8904380798,6.3724055290,33.47
1.1700000000,30.3784523010,13.8002405167,5.9741301537,33.90
1.1800000000,28.1943798065,13.3492527008,6.5317158699,31.87
1.1900000000,28.9885883331,13.8904380798,6.8503355980,32.87
1.2000000000,28.7900371552,13.0786600113,6.4520606995,32.27
1.2100000000,27.7972755432,12.8080663681,6.6910257339,31.33
1.2200000000,28.1943798065,14.0708341599,7.0096459389,32.28
1.2290000000,28.3929328918,13.6198453903,6.2927503586,32.11
1.2390000000,28.1943798065,13.7100429535,6.6910257339,32.06
1.2490000000,27.7972755432,14.2512292862,6.6910257339,31.95
1.2590000000,29.3856925964,13.8904380798,6.5317158699,33.15
1.2690000000,28.3929328918,13.4394502640,6.9299907684,32.17
1.2790000000,29.7827968597,14.2512292862,6.2130956650,33.60
1.2890000000,27.7972755432,13.8904380798,7.0096459389,31.86
1.2980000000,28.1943798065,13.7100429535,6.6910257339,32.06
1.3080000000,27.7972755432,12.9884614944,6.2130956650,31.30
1.3180000000,28.7900371552,13.2590551376,7.0893011093,32.48
1.3280000000,28.3929328918,13.9806365967,6.1334404945,32.24
1.3380000000,28.1943798065,13.7100429535,6.5317158699,32.02
1.3470000000,28.7900371552,13.4394502640,6.6113710403,32.45
1.3580000000,28.1943798065,14.0708341599,6.3724055290,32.15
1.3670000000,29.5842437744,13.6198453903,7.8858518600,33.51
1.3770000000,27.9958286285,12.7178688049,6.1334404945,31.35
1.3870000000,29.1871395111,13.6198453903,6.1334404945,32.79
1.3970000000,30.3784523010,13.6198453903,6.6113710403,33.94
1.4070000000,29.1871395111,13.2590551376,6.4520606995,32.70
1.4160000000,27.9958286285,13.2590551376,6.6113710403,31.67
1.4260000000,30.7755565643,14.1610317230,6.2927503586,34.46
1.4360000000,28.5914840698,13.5296478271,6.6910257339,32.33
1.4460000000,28.1943798065,13.3492527008,6.0537853241,31.78
1.4560000000,28.9885883331,14.0708341599,5.8944749832,32.76
1.4660000000,28.9885883331,14.0708341599,6.6910257339,32.91
1.4750000000,28.1943798065,12.9884614944,6.3724055290,31.69
1.4850000000,28.3929328918,13.8002405167,6.2927503586,32.19
1.4950000000,28.1943798065,13.7100429535,6.5317158699,32.02
1.5050000000,28.3929328918,13.2590551376,6.9299907684,32.09
1.5150000000,30.3784523010,13.2590551376,6.4520606995,33.77
1.5250000000,28.3929328918,13.9806365967,6.2927503586,32.27
1.5350000000,29.7827968597,13.5296478271,6.8503355980,33.42
1.5440000000,29.7827968597,13.8904380798,6.8503355980,33.57
1.5540000000,29.9813480377,13.9806365967,6.4520606995,33.70
1.5640000000,26.6059646606,14.0708341599,6.3724055290,30.76
1.5740000000,27.9958286285,13.6198453903,6.9299907684,31.90
1.5840000000,28.1943798065,14.4316244125,7.0096459389,32.44
1.5940000000,27.7972755432,13.7100429535,6.3724055290,31.64
1.6030000000,29.1871395111,13.4394502640,6.4520606995,32.77
1.6130000000,28.7900371552,13.0786600113,6.4520606995,32.27
1.6230000000,27.5987243652,12.8982639313,6.2927503586,31.11
1.6330000000,27.9958286285,15.0630083084,6.6113710403,32.47
1.6430000000,29.1871395111,13.4394502640,6.9299907684,32.87
1.6530000000,28.5914840698,12.8080663681,6.8503355980,32.07
1.6630000000,27.7972755432,13.7100429535,6.5317158699,31.68
1.6720000000,28.3929328918,13.6198453903,6.2927503586,32.11
1.6820000000,28.5914840698,13.8904380798,6.3724055290,32.42
1.6920000000,28.9885883331,13.1688575745,7.3282661438,32.67
1.7020000000,28.1943798065,13.8904380798,7.3282661438,32.27
1.7120000000,27.5987243652,13.6198453903,6.4520606995,31.45
1.7210000000,27.7972755432,13.5296478271,6.3724055290,31.56
1.7320000000,27.7972755432,13.7100429535,6.8503355980,31.74
1.7410000000,27.4001731873,13.8904380798,6.3724055290,31.37
1.7510000000,29.3856925964,13.7100429535,6.5317158699,33.08
1.7610000000,30.3784523010,13.9806365967,6.1334404945,34.00
1.7710000000,27.9958286285,13.4394502640,6.2927503586,31.69
1.7810000000,27.4001731873,13.1688575745,6.5317158699,31.09
1.7910000000,28.7900371552,13.0786600113,7.2486109734,32.44
1.8000000000,29.3856925964,14.4316244125,6.2130956650,33.32
1.8100000000,29.1871395111,13.4394502640,6.9299907684,32.87
1.8200000000,28.1943798065,13.7100429535,6.6910257339,32.06
1.8300000000,28.1943798065,13.7100429535,6.5317158699,32.02
1.8400000000,28.5914840698,13.5296478271,6.8503355980,32.36
1.8500000000,30.7755565643,13.8002405167,6.9299907684,34.43
1.8590000000,30.1799011230,13.3492527008,6.6910257339,33.67
1.8690000000,28.9885883331,14.2512292862,7.0096459389,33.05
1.8790000000,28.3929328918,13.8002405167,7.2486109734,32.39
1.8890000000,28.1943798065,13.3492527008,6.6910257339,31.90
1.8990000000,27.9958286285,13.2590551376,6.6113710403,31.67
1.9090000000,29.7827968597,13.3492527008,7.0096459389,33.38
1.9180000000,27.5987243652,13.6198453903,6.6113710403,31.48
1.9280000000,28.5914840698,12.9884614944,6.5317158699,32.08
1.9380000000,27.9958286285,13.2590551376,6.2927503586,31.61
1.9480000000,29.9813480377,13.0786600113,6.7706809044,33.40
1.9580000000,26.6059646606,13.8904380798,6.6910257339,30.75
1.9680000000,28.3929328918,12.8982639313,6.6113710403,31.88
1.9780000000,29.9813480377,12.3570785522,6.9299907684,33.16
1.9870000000,28.3929328918,13.8002405167,6.4520606995,32.22
1.9970000000,28.3929328918,13.2590551376,6.4520606995,31.99
2.0070000000,28.5914840698,13.7100429535,6.2130956650,32.31
2.0170000000,28.5914840698,13.5296478271,6.5317158699,32.30
2.0270000000,28.7900371552,13.8002405167,6.1334404945,32.51
2.0370000000,29.5842437744,13.9806365967,5.9741301537,33.26
2.0470000000,29.9813480377,14.3414268494,7.0893011093,33.98
2.0560000000,28.3929328918,13.6198453903,6.7706809044,32.21
2.0660000000,27.2016201019,13.6198453903,6.7706809044,31.17
2.0760000000,27.5987243652,13.8002405167,6.6113710403,31.56
2.0860000000,28.1943798065,13.7100429535,7.0096459389,32.13
2.0960000000,29.5842437744,13.8002405167,6.4520606995,33.28
2.1060000000,30.1799011230,13.8904380798,6.8503355980,33.92
2.1150000000,28.7900371552,14.1610317230,6.1334404945,32.67
2.1250000000,29.9813480377,13.0786600113,6.2927503586,33.31
2.1350000000,29.1871395111,14.1610317230,6.4520606995,33.08
2.1450000000,27.7972755432,13.5296478271,5.8944749832,31.47
2.1550000000,29.5842437744,13.8002405167,6.9299907684,33.37
2.1650000000,30.5770034790,13.3492527008,6.5317158699,34.00
2.1750000000,29.5842437744,13.6198453903,6.2927503586,33.17
2.1840000000,28.7900371552,12.7178688049,6.1334404945,32.07
2.1940000000,29.3856925964,14.4316244125,6.8503355980,33.45
2.2040000000,27.9958286285,13.4394502640,5.9741301537,31.62
2.2140000000,27.7972755432,12.9884614944,6.3724055290,31.34
2.2240000000,28.3929328918,13.0786600113,6.2927503586,31.89
2.2340000000,29.1871395111,13.6198453903,6.7706809044,32.91
2.2430000000,28.3929328918,13.0786600113,6.4520606995,31.92
2.2530000000,27.4001731873,14.2512292862,7.0096459389,31.67
2.2630000000,28.3929328918,14.3414268494,6.1334404945,32.40
2.2730000000,27.9958286285,13.9806365967,6.6113710403,31.98
2.2830000000,29.7827968597,13.7100429535,6.6910257339,33.46
2.2930000000,28.7900371552,13.4394502640,6.6113710403,32.45
2.3020000000,27.9958286285,13.6198453903,6.6113710403,31.83
2.3120000000,28.3929328918,13.8002405167,6.4520606995,32.22
2.3220000000,27.5987243652,13.2590551376,6.6113710403,31.32
2.3320000000,28.9885883331,13.7100429535,6.0537853241,32.63
2.3420000000,28.5914840698,13.7100429535,6.6910257339,32.41
2.3520000000,29.3856925964,13.3492527008,7.3282661438,33.10
2.3620000000,28.5914840698,13.7100429535,6.2130956650,32.31
2.3710000000,29.3856925964,14.0708341599,7.0096459389,33.33
2.3810000000,29.5842437744,13.8002405167,6.7706809044,33.34
2.3910000000,28.7900371552,13.8002405167,6.9299907684,32.67
2.4010000000,29.1871395111,13.2590551376,6.6113710403,32.73
2.4110000000,28.7900371552,13.8002405167,6.7706809044,32.64
2.4200000000,28.9885883331,13.8904380798,6.5317158699,32.80
2.4310000000,27.7972755432,13.3492527008,6.2130956650,31.46
2.4400000000,27.4001731873,13.8904380798,6.6910257339,31.44
2.4500000000,27.4001731873,14.0708341599,6.3724055290,31.45
2.4600000000,27.7972755432,14.0708341599,5.8944749832,31.71
2.4700000000,27.4001731873,13.5296478271,6.3724055290,31.22
2.4800000000,28.1943798065,13.5296478271,6.5317158699,31.95
2.4890000000,26.6059646606,14.2512292862,6.0537853241,30.78
2.5000000000,29.5842437744,14.1610317230,6.4520606995,33.43
2.5090000000,28.7900371552,13.2590551376,6.2927503586,32.32
2.5190000000,27.9958286285,13.8002405167,6.2927503586,31.84
2.5290000000,29.3856925964,14.2512292862,6.3724055290,33.27
2.5390000000,30.1799011230,13.7100429535,6.5317158699,33.79
2.5490000000,27.7972755432,13.8904380798,6.6910257339,31.79
2.5580000000,28.7900371552,14.1610317230,6.6113710403,32.76
2.5680000000,28.9885883331,13.3492527008,6.5317158699,32.58
2.5780000000,27.5987243652,13.8002405167,6.7706809044,31.59
2.5880000000,28.5914840698,13.7100429535,7.0096459389,32.47
2.5980000000,28.5914840698,13.8904380798,6.6910257339,32.48
2.6080000000,28.5914840698,14.0708341599,7.0096459389,32.63
2.6180000000,28.9885883331,13.7100429535,7.0096459389,32.82
2.6270000000,29.5842437744,13.8002405167,6.2927503586,33.25
2.6370000000,29.1871395111,14.1610317230,6.9299907684,33.17
2.6470000000,28.9885883331,14.0708341599,7.1689558029,33.01
2.6570000000,28.7900371552,13.4394502640,6.9299907684,32.52
2.6670000000,28.1943798065,13.7100429535,6.6910257339,32.06
2.6760000000,29.1871395111,13.2590551376,6.6113710403,32.73
2.6870000000,29.1871395111,13.6198453903,7.0893011093,32.98
2.6960000000,30.1799011230,13.5296478271,6.5317158699,33.71
2.7060000000,28.1943798065,13.5296478271,6.5317158699,31.95
2.7160000000,29.1871395111,14.5218219757,6.7706809044,33.30
2.7260000000,28.9885883331,12.9884614944,6.0537853241,32.34
2.7360000000,28.5914840698,13.5296478271,6.2130956650,32.24
2.7450000000,28.7900371552,13.0786600113,6.7706809044,32.34
2.7560000000,29.1871395111,13.6198453903,7.0893011093,32.98
2.7650000000,28.5914840698,13.8904380798,6.6910257339,32.48
2.7750000000,29.9813480377,13.6198453903,6.2927503586,33.53
2.7850000000,28.3929328918,13.8002405167,6.1334404945,32.16
2.7950000000,28.5914840698,13.8904380798,6.2130956650,32.39
2.8050000000,28.9885883331,14.2512292862,6.5317158699,32.96
2.8140000000,28.3929328918,13.4394502640,6.2927503586,32.04
2.8240000000,28.5914840698,13.1688575745,7.0096459389,32.25
2.8340000000,28.9885883331,13.7100429535,6.0537853241,32.63
2.8440000000,30.5770034790,13.7100429535,7.0096459389,34.24
2.8540000000,28.3929328918,14.3414268494,6.9299907684,32.56
2.8640000000,27.5987243652,14.1610317230,6.4520606995,31.68
2.8730000000,29.5842437744,13.9806365967,6.6113710403,33.38
2.8830000000,27.2016201019,13.4394502640,6.6113710403,31.05
2.8930000000,28.7900371552,13.2590551376,6.4520606995,32.35
2.9030000000,29.9813480377,13.9806365967,6.7706809044,33.77
2.9130000000,27.5987243652,13.8002405167,6.4520606995,31.52
2.9230000000,28.3929328918,13.9806365967,6.4520606995,32.30
2.9330000000,27.0030689240,14.2512292862,6.5317158699,31.22
2.9420000000,28.9885883331,13.8904380798,5.8944749832,32.68
2.9520000000,29.7827968597,13.5296478271,6.0537853241,33.27
2.9620000000,29.1871395111,13.8002405167,6.6113710403,32.96
2.9720000000,28.7900371552,13.9806365967,6.4520606995,32.65
2.9820000000,28.5914840698,13.1688575745,6.3724055290,32.12
2.9920000000,27.7972755432,13.5296478271,6.2130956650,31.53
3.0010000000,30.5770034790,14.4316244125,5.7351651192,34.29
3.0120000000,27.0030689240,13.5296478271,7.3282661438,31.08
3.0210000000,28.9885883331,13.5296478271,6.5317158699,32.65
3.0310000000,28.3929328918,14.1610317230,6.6113710403,32.41
3.0410000000,27.7972755432,13.7100429535,7.0096459389,31.78
3.0510000000,28.9885883331,14.2512292862,6.8503355980,33.02
3.0610000000,27.2016201019,14.3414268494,6.2927503586,31.39
3.0700000000,28.7900371552,13.8002405167,6.4520606995,32.57
3.0800000000,29.1871395111,13.4394502640,6.4520606995,32.77
3.0900000000,27.9958286285,13.8002405167,7.0893011093,32.01
3.1000000000,27.9958286285,14.1610317230,6.1334404945,31.97
3.1100000000,27.7972755432,13.8904380798,6.3724055290,31.72
3.1200000000,28.5914840698,13.5296478271,6.3724055290,32.27
3.1290000000,29.1871395111,13.2590551376,5.9741301537,32.61
3.1400000000,27.9958286285,14.1610317230,6.1334404945,31.97
3.1490000000,27.2016201019,12.7178688049,6.7706809044,30.78
3.1590000000,27.5987243652,13.2590551376,6.2927503586,31.26
3.1690000000,29.1871395111,13.6198453903,6.2927503586,32.82
3.1790000000,27.9958286285,12.5374736786,6.6113710403,31.38
3.1890000000,28.3929328918,13.8002405167,5.9741301537,32.13
3.1980000000,27.9958286285,14.1610317230,6.2927503586,32.00
3.2080000000,28.3929328918,13.6198453903,6.6113710403,32.18
3.2180000000,29.7827968597,13.7100429535,6.2130956650,33.37
3.2280000000,29.5842437744,12.8982639313,6.7706809044,32.98
3.2380000000,27.4001731873,13.7100429535,7.0096459389,31.43
3.2480000000,28.9885883331,14.0708341599,6.8503355980,32.94
3.2570000000,30.5770034790,14.2512292862,6.3724055290,34.33
3.2680000000,29.5842437744,13.6198453903,6.6113710403,33.23
3.2770000000,26.4074115753,13.2590551376,6.1334404945,30.18
3.2870000000,28.3929328918,13.6198453903,6.6113710403,32.18
3.2970000000,27.9958286285,13.4394502640,6.1334404945,31.65
3.3070000000,28.9885883331,13.8904380798,7.0096459389,32.90
3.3170000000,28.5914840698,13.5296478271,6.5317158699,32.30
3.3270000000,27.7972755432,13.3492527008,6.6910257339,31.55
3.3360000000,28.7900371552,13.6198453903,6.6113710403,32.53
3.3460000000,28.5914840698,14.4316244125,6.6910257339,32.72
3.3560000000,28.5914840698,13.8904380798,7.0096459389,32.55
3.3660000000,28.1943798065,13.5296478271,6.3724055290,31.92
3.3760000000,27.5987243652,13.8002405167,6.6113710403,31.56
3.3850000000,28.7900371552,13.2590551376,6.4520606995,32.35
3.3950000000,29.7827968597,13.7100429535,6.5317158699,33.43
3.4050000000,28.3929328918,13.6198453903,6.7706809044,32.21
3.4150000000,29.9813480377,13.9806365967,6.9299907684,33.80
3.4250000000,28.7900371552,14.1610317230,6.4520606995,32.73
3.4350000000,28.3929328918,13.4394502640,5.9741301537,31.98
3.4450000000,28.3929328918,14.1610317230,6.9299907684,32.48
3.4550000000,28.7900371552,13.8002405167,6.1334404945,32.51
3.4640000000,28.9885883331,13.7100429535,7.1689558029,32.86
3.4740000000,29.1871395111,13.4394502640,6.9299907684,32.87
3.4840000000,28.7900371552,13.2590551376,6.2927503586,32.32
3.4940000000,27.4001731873,13.7100429535,5.8944749832,31.20
3.5040000000,28.9885883331,13.1688575745,6.2130956650,32.44
3.5130000000,28.5914840698,14.0708341599,6.6910257339,32.56
3.5230000000,29.5842437744,13.6198453903,7.0893011093,33.33
3.5330000000,28.3929328918,14.3414268494,6.6113710403,32.49
3.5430000000,28.5914840698,13.3492527008,6.3724055290,32.19
3.5530000000,28.3929328918,13.6198453903,7.2486109734,32.31
3.5630000000,28.5914840698,13.3492527008,6.5317158699,32.22
3.5730000000,27.9958286285,13.6198453903,6.6113710403,31.83
3.5820000000,27.7972755432,13.7100429535,7.0096459389,31.78
3.5920000000,28.5914840698,13.7100429535,7.0096459389,32.47
3.6020000000,27.2016201019,14.1610317230,6.7706809044,31.41
3.6120000000,28.9885883331,13.8904380798,6.3724055290,32.77
3.6220000000,28.3929328918,13.4394502640,7.2486109734,32.24
3.6320000000,27.9958286285,14.7022171021,7.0893011093,32.41
3.6420000000,28.5914840698,14.2512292862,6.5317158699,32.61
3.6510000000,27.9958286285,13.2590551376,6.2927503586,31.61
3.6610000000,28.1943798065,13.3492527008,6.3724055290,31.84
3.6710000000,28.7900371552,13.2590551376,6.9299907684,32.45
3.6810000000,28.1943798065,13.5296478271,6.6910257339,31.98
3.6910000000,27.0030689240,13.5296478271,7.0096459389,31.01
3.7010000000,27.7972755432,13.1688575745,7.0096459389,31.55
3.7100000000,29.3856925964,14.6120195389,6.5317158699,33.46
3.7200000000,28.3929328918,12.5374736786,7.0893011093,31.84
3.7300000000,29.1871395111,13.4394502640,6.9299907684,32.87
3.7400000000,28.3929328918,13.8002405167,6.6113710403,32.25
3.7500000000,29.5842437744,14.5218219757,7.4079213142,33.78
3.7600000000,28.7900371552,13.4394502640,6.9299907684,32.52
3.7700000000,26.8045158386,13.8002405167,6.2927503586,30.80
3.7790000000,27.9958286285,13.6198453903,7.0893011093,31.93
3.7890000000,29.5842437744,13.9806365967,6.4520606995,33.35
3.7990000000,29.9813480377,13.9806365967,6.6113710403,33.73
3.8090000000,27.4001731873,13.7100429535,6.5317158699,31.33
3.8190000000,28.1943798065,14.2512292862,6.2130956650,32.20
3.8290000000,27.4001731873,13.7100429535,7.3282661438,31.50
3.8380000000,29.7827968597,14.2512292862,6.2130956650,33.60
3.8480000000,28.5914840698,14.2512292862,6.0537853241,32.51
3.8580000000,27.2016201019,13.2590551376,6.4520606995,30.94
3.8680000000,28.9885883331,13.1688575745,6.6910257339,32.54
3.8780000000,27.7972755432,13.1688575745,6.6910257339,31.48
3.8880000000,27.9958286285,13.8002405167,6.4520606995,31.87
3.8980000000,28.7900371552,13.9806365967,6.1334404945,32.59
3.9070000000,29.1871395111,13.2590551376,6.9299907684,32.80
3.9170000000,27.7972755432,13.7100429535,6.3724055290,31.64
3.9270000000,27.4001731873,13.8904380798,6.8503355980,31.47
3.9370000000,28.1943798065,13.8904380798,6.5317158699,32.10
3.9470000000,27.2016201019,14.1610317230,6.4520606995,31.34
3.9570000000,29.5842437744,13.8002405167,6.7706809044,33.34
3.9660000000,28.5914840698,13.5296478271,6.6910257339,32.33
3.9760000000,27.5987243652,13.4394502640,6.4520606995,31.37
3.9860000000,27.9958286285,13.9806365967,7.0893011093,32.09
3.9960000000,27.9958286285,13.8002405167,5.9741301537,31.78
4.0060000000,30.3784523010,13.4394502640,6.9299907684,33.93
4.0150000000,28.7900371552,13.6198453903,6.2927503586,32.46
4.0260000000,28.7900371552,13.8002405167,6.2927503586,32.54
4.0350000000,29.5842437744,13.2590551376,6.6113710403,33.09
4.0450000000,29.3856925964,13.7100429535,6.5317158699,33.08
4.0550000000,28.1943798065,14.0708341599,6.2130956650,32.12
4.0650000000,27.4001731873,13.5296478271,6.5317158699,31.25
4.0750000000,28.5914840698,13.8904380798,7.0096459389,32.55
4.0850000000,28.5914840698,13.5296478271,5.8944749832,32.18
4.0950000000,28.3929328918,14.3414268494,6.6113710403,32.49
4.1040000000,29.1871395111,13.6198453903,6.2927503586,32.82
4.1140000000,27.9958286285,13.2590551376,6.1334404945,31.58
4.1240000000,29.3856925964,13.8904380798,6.6910257339,33.18
4.1340000000,29.5842437744,14.5218219757,6.1334404945,33.52
4.1440000000,30.3784523010,13.4394502640,6.6113710403,33.87
4.1540000000,29.3856925964,13.5296478271,6.8503355980,33.07
4.1630000000,27.7972755432,13.7100429535,6.3724055290,31.64
4.1730000000,28.5914840698,14.2512292862,5.7351651192,32.46
4.1830000000,28.1943798065,13.5296478271,6.3724055290,31.92
4.1930000000,29.7827968597,12.9884614944,6.5317158699,33.14
4.2030000000,27.2016201019,13.9806365967,5.9741301537,31.16
4.2120000000,27.9958286285,13.2590551376,6.9299907684,31.74
4.2230000000,28.1943798065,13.8904380798,7.0096459389,32.20
4.2320000000,28.3929328918,14.1610317230,6.4520606995,32.38
4.2420000000,28.1943798065,14.0708341599,6.6910257339,32.21
4.2520000000,28.7900371552,13.4394502640,6.4520606995,32.42
4.2620000000,29.3856925964,13.1688575745,7.0096459389,32.96
4.2720000000,28.1943798065,13.8904380798,6.5317158699,32.10
4.2810000000,28.9885883331,13.7100429535,7.0096459389,32.82
4.2910000000,27.0030689240,13.5296478271,6.3724055290,30.87
4.3010000000,27.2016201019,12.8982639313,6.2927503586,30.76
4.3110000000,28.9885883331,13.5296478271,5.8944749832,32.53
4.3210000000,28.7900371552,13.6198453903,5.9741301537,32.40
4.3310000000,27.7972755432,14.4316244125,6.2130956650,31.93
4.3410000000,29.1871395111,13.8002405167,5.9741301537,32.83
4.3500000000,27.4001731873,14.0708341599,6.6910257339,31.52
4.3600000000,27.7972755432,14.2512292862,6.2130956650,31.85
4.3700000000,28.7900371552,13.9806365967,6.6113710403,32.68
4.3800000000,27.9958286285,13.6198453903,6.2927503586,31.76
4.3900000000,28.1943798065,13.5296478271,6.3724055290,31.92
4.4000000000,28.5914840698,13.7100429535,6.6910257339,32.41
4.4100000000,27.7972755432,13.8904380798,6.5317158699,31.75
4.4190000000,28.7900371552,13.6198453903,7.2486109734,32.66
4.4290000000,28.3929328918,13.4394502640,6.6113710403,32.10
4.4390000000,27.7972755432,14.4316244125,6.3724055290,31.96
4.4490000000,27.9958286285,13.9806365967,5.9741301537,31.86
4.4590000000,27.9958286285,13.0786600113,6.9299907684,31.67
4.4690000000,29.5842437744,13.9806365967,6.9299907684,33.45
4.4780000000,29.1871395111,13.2590551376,6.9299907684,32.80
4.4880000000,28.3929328918,14.3414268494,6.2927503586,32.43
4.4980000000,28.5914840698,13.7100429535,6.0537853241,32.28
4.5080000000,28.9885883331,13.3492527008,6.2130956650,32.51
4.5180000000,29.1871395111,13.9806365967,6.1334404945,32.94
4.5270000000,27.9958286285,14.3414268494,6.2927503586,32.08
4.5380000000,27.9958286285,13.4394502640,6.4520606995,31.72
4.5470000000,28.5914840698,12.6276712418,7.0096459389,32.03
4.5570000000,27.7972755432,14.4316244125,6.5317158699,31.99
4.5670000000,29.3856925964,13.3492527008,6.6910257339,32.96
4.5770000000,28.1943798065,14.0708341599,6.6910257339,32.21
4.5870000000,29.3856925964,13.3492527008,5.5758547783,32.75
4.5960000000,28.9885883331,13.3492527008,7.1689558029,32.71
4.6070000000,29.3856925964,14.0708341599,6.0537853241,33.14
4.6160000000,28.1943798065,13.1688575745,7.1689558029,31.93
4.6260000000,29.5842437744,13.2590551376,5.9741301537,32.97
4.6360000000,27.5987243652,14.1610317230,6.4520606995,31.68
4.6460000000,28.7900371552,13.6198453903,6.1334404945,32.43
4.6560000000,27.0030689240,14.4316244125,6.6910257339,31.34
4.6650000000,28.7900371552,13.2590551376,6.7706809044,32.41
4.6750000000,28.3929328918,13.6198453903,5.9741301537,32.05
4.6850000000,28.3929328918,13.6198453903,6.7706809044,32.21
4.6950000000,29.7827968597,12.8080663681,6.8503355980,33.14
4.7050000000,28.3929328918,13.8002405167,6.6113710403,32.25
4.7150000000,27.5987243652,14.1610317230,7.0893011093,31.82
4.7250000000,27.7972755432,14.0708341599,5.7351651192,31.68
4.7340000000,28.7900371552,13.6198453903,6.7706809044,32.56
4.7440000000,28.7900371552,14.1610317230,6.6113710403,32.76
4.7540000000,29.1871395111,13.6198453903,7.4079213142,33.05
4.7640000000,29.7827968597,13.7100429535,6.5317158699,33.43
4.7740000000,27.4001731873,13.5296478271,6.0537853241,31.15
4.7830000000,27.5987243652,13.2590551376,6.6113710403,31.32
4.7940000000,29.5842437744,13.0786600113,6.6113710403,33.01
4.8030000000,28.1943798065,13.1688575745,6.6910257339,31.83
4.8130000000,29.1871395111,13.8002405167,5.9741301537,32.83
4.8230000000,29.3856925964,12.8080663681,6.6910257339,32.75
4.8330000000,26.6059646606,13.8904380798,6.0537853241,30.62
4.8430000000,29.5842437744,13.6198453903,6.9299907684,33.30
4.8520000000,27.9958286285,13.9806365967,5.9741301537,31.86
4.8620000000,29.9813480377,13.9806365967,6.7706809044,33.77
4.8720000000,27.4001731873,12.9884614944,6.6910257339,31.05
4.8820000000,29.5842437744,13.8002405167,6.1334404945,33.22
4.8920000000,28.7900371552,13.6198453903,6.7706809044,32.56
4.9020000000,29.1871395111,13.4394502640,5.9741301537,32.68
4.9120000000,27.4001731873,13.5296478271,6.8503355980,31.32
4.9210000000,28.5914840698,13.5296478271,6.2130956650,32.24
4.9310000000,28.3929328918,13.8002405167,6.6113710403,32.25
4.9410000000,29.9813480377,13.2590551376,5.9741301537,33.32
4.9510000000,28.5914840698,13.8904380798,6.6910257339,32.48
4.9610000000,30.3784523010,13.8002405167,6.9299907684,34.08
4.9710000000,27.7972755432,14.2512292862,5.7351651192,31.76
4.9810000000,28.7900371552,13.6198453903,6.4520606995,32.50
4.9900000000,29.5842437744,13.6198453903,6.4520606995,33.20
5.0000000000,28.1943798065,14.0708341599,6.3724055290,32.15
5.0100000000,29.1871395111,13.0786600113,6.6113710403,32.66
5.0200000000,28.3929328918,13.0786600113,6.2927503586,31.89
5.0300000000,28.1943798065,13.7100429535,6.6910257339,32.06
5.0400000000,28.7900371552,14.1610317230,6.7706809044,32.79
5.0490000000,29.1871395111,13.9806365967,6.4520606995,33.00
5.0590000000,27.7972755432,13.8904380798,6.5317158699,31.75
5.0690000000,29.9813480377,14.3414268494,6.7706809044,33.92
5.0790000000,28.9885883331,14.0708341599,6.2130956650,32.82
5.0890000000,28.9885883331,13.5296478271,6.0537853241,32.56
5.0990000000,27.7972755432,14.0708341599,5.8944749832,31.71
5.1090000000,28.3929328918,13.6198453903,6.2927503586,32.11
5.1180000000,29.3856925964,13.1688575745,6.3724055290,32.83
5.1280000000,29.7827968597,13.5296478271,6.3724055290,33.33
5.1380000000,29.9813480377,13.8002405167,5.9741301537,33.54
5.1480000000,27.9958286285,13.6198453903,6.6113710403,31.83
5.1580000000,28.3929328918,13.4394502640,6.6113710403,32.10
5.1680000000,29.1871395111,14.3414268494,6.4520606995,33.15
5.1770000000,29.3856925964,13.7100429535,6.5317158699,33.08
5.1870000000,27.2016201019,13.9806365967,6.2927503586,31.22
5.1970000000,28.1943798065,13.8904380798,6.0537853241,32.01
5.2070000000,28.7900371552,14.1610317230,6.7706809044,32.79
5.2170000000,28.7900371552,13.8002405167,6.4520606995,32.57
5.2270000000,28.5914840698,13.7100429535,7.0096459389,32.47
5.2370000000,28.5914840698,13.7100429535,6.3724055290,32.34
5.2460000000,28.3929328918,13.8002405167,6.6113710403,32.25
5.2560000000,27.9958286285,13.2590551376,6.1334404945,31.58
5.2660000000,27.7972755432,13.3492527008,6.6910257339,31.55
5.2760000000,28.1943798065,12.6276712418,6.6910257339,31.61
5.2860000000,28.9885883331,13.3492527008,6.6910257339,32.61
5.2960000000,27.4001731873,13.8904380798,6.3724055290,31.37
5.3050000000,28.9885883331,13.3492527008,6.5317158699,32.58
5.3150000000,28.7900371552,13.2590551376,6.6113710403,32.38
5.3250000000,28.7900371552,14.3414268494,6.1334404945,32.74
5.3350000000,29.3856925964,13.7100429535,6.2130956650,33.02
5.3450000000,28.3929328918,13.9806365967,6.7706809044,32.36
5.3550000000,29.5842437744,12.7178688049,6.4520606995,32.84
5.3650000000,28.1943798065,13.5296478271,7.0096459389,32.05
5.3740000000,28.3929328918,14.3414268494,6.1334404945,32.40
5.3840000000,27.5987243652,13.9806365967,6.6113710403,31.64
5.3940000000,29.1871395111,13.2590551376,6.4520606995,32.70
5.4040000000,28.5914840698,13.7100429535,5.7351651192,32.22
5.4140000000,27.5987243652,13.0786600113,6.2927503586,31.18
5.4230000000,29.3856925964,14.2512292862,6.5317158699,33.31
5.4340000000,28.1943798065,14.0708341599,6.2130956650,32.12
5.4430000000,27.4001731873,14.2512292862,6.2130956650,31.50
5.4530000000,28.3929328918,13.4394502640,6.4520606995,32.07
5.4630000000,29.3856925964,13.7100429535,6.5317158699,33.08
5.4730000000,28.7900371552,14.5218219757,6.6113710403,32.92
5.4830000000,28.9885883331,13.1688575745,6.5317158699,32.50
5.4920000000,28.3929328918,13.8002405167,6.7706809044,32.29
5.5020000000,27.5987243652,13.6198453903,6.4520606995,31.45
5.5120000000,27.7972755432,14.2512292862,6.6910257339,31.95
5.5220000000,29.5842437744,13.8002405167,6.6113710403,33.31
5.5320000000,27.7972755432,13.5296478271,6.5317158699,31.60
5.5420000000,29.5842437744,13.6198453903,6.1334404945,33.14
5.5520000000,27.9958286285,13.8002405167,6.7706809044,31.94
5.5610000000,27.7972755432,13.3492527008,6.6910257339,31.55
5.5710000000,29.5842437744,13.6198453903,6.4520606995,33.20
5.5810000000,28.5914840698,13.8904380798,7.1689558029,32.59
5.5910000000,28.7900371552,12.8982639313,6.4520606995,32.20
5.6010000000,27.5987243652,13.6198453903,6.4520606995,31.45
5.6110000000,28.7900371552,13.2590551376,6.1334404945,32.28
5.6200000000,28.5914840698,13.8904380798,6.6910257339,32.48
5.6300000000,28.3929328918,14.3414268494,6.9299907684,32.56
5.6400000000,27.4001731873,14.2512292862,6.8503355980,31.64
5.6500000000,28.5914840698,14.0708341599,6.5317158699,32.53
5.6600000000,29.3856925964,13.5296478271,6.0537853241,32.91
5.6700000000,28.3929328918,13.4394502640,6.9299907684,32.17
5.6800000000,28.3929328918,13.9806365967,6.2927503586,32.27
5.6890000000,28.5914840698,13.8904380798,6.2130956650,32.39
5.6990000000,27.4001731873,13.5296478271,7.1689558029,31.39
5.7090000000,28.5914840698,13.7100429535,6.3724055290,32.34
5.7190000000,27.0030689240,13.7100429535,6.2130956650,30.91
5.7290000000,27.9958286285,14.8826131821,6.6113710403,32.39
5.7390000000,30.3784523010,13.2590551376,6.6113710403,33.80
5.7480000000,29.5842437744,14.1610317230,6.1334404945,33.37
5.7590000000,30.1799011230,12.6276712418,6.5317158699,33.36
5.7680000000,27.9958286285,13.2590551376,6.2927503586,31.61
5.7780000000,28.9885883331,13.8904380798,7.0096459389,32.90
5.7880000000,28.7900371552,13.9806365967,5.9741301537,32.56
5.7980000000,28.7900371552,13.2590551376,6.7706809044,32.41
5.8080000000,28.5914840698,13.1688575745,6.5317158699,32.15
5.8170000000,28.7900371552,13.4394502640,6.1334404945,32.36
5.8270000000,27.4001731873,14.4316244125,6.2130956650,31.59
5.8370000000,27.9958286285,13.4394502640,6.6113710403,31.75
5.8470000000,28.1943798065,14.7924146652,6.8503355980,32.57
5.8570000000,29.1871395111,13.2590551376,6.9299907684,32.80
5.8670000000,27.5987243652,13.9806365967,6.9299907684,31.70
5.8770000000,28.3929328918,13.8002405167,6.6113710403,32.25
5.8860000000,29.1871395111,13.0786600113,6.1334404945,32.57
5.8960000000,28.5914840698,13.7100429535,6.3724055290,32.34
5.9060000000,28.1943798065,12.9884614944,6.6910257339,31.76
5.9160000000,28.7900371552,14.3414268494,6.2927503586,32.77
5.9260000000,28.7900371552,13.8002405167,6.6113710403,32.60
5.9360000000,27.9958286285,13.4394502640,6.1334404945,31.65
5.9450000000,28.5914840698,13.3492527008,6.8503355980,32.29
5.9560000000,28.9885883331,13.5296478271,6.8503355980,32.72
5.9650000000,27.5987243652,13.9806365967,7.0893011093,31.74
5.9750000000,27.7972755432,13.1688575745,7.0096459389,31.55
5.9850000000,27.9958286285,13.2590551376,6.6113710403,31.67
5.9950000000,28.3929328918,13.6198453903,6.4520606995,32.14
6.0050000000,28.7900371552,13.8002405167,5.8148202896,32.45
6.0140000000,28.7900371552,14.3414268494,6.9299907684,32.90
6.0240000000,27.4001731873,13.5296478271,6.2130956650,31.18
6.0340000000,27.4001731873,13.1688575745,6.6910257339,31.13
6.0440000000,28.7900371552,13.9806365967,6.6113710403,32.68
6.0540000000,29.7827968597,13.7100429535,6.3724055290,33.40
6.0640000000,29.3856925964,13.7100429535,6.2130956650,33.02
6.0740000000,27.9958286285,13.8002405167,7.2486109734,32.04
6.0830000000,27.9958286285,13.6198453903,6.6113710403,31.83
6.0930000000,29.1871395111,13.0786600113,6.2927503586,32.60
6.1030000000,29.9813480377,14.3414268494,6.6113710403,33.89
6.1130000000,29.9813480377,13.0786600113,6.4520606995,33.34
6.1230000000,28.5914840698,13.8904380798,6.2130956650,32.39
6.1330000000,28.9885883331,12.9884614944,7.0096459389,32.53
6.1420000000,28.3929328918,13.2590551376,6.9299907684,32.09
6.1520000000,28.3929328918,13.6198453903,6.2927503586,32.11
6.1620000000,28.3929328918,13.4394502640,6.6113710403,32.10
6.1720000000,27.4001731873,13.5296478271,6.6910257339,31.28
6.1820000000,27.9958286285,13.4394502640,6.2927503586,31.69
6.1910000000,28.3929328918,13.6198453903,6.6113710403,32.18
6.2020000000,28.9885883331,13.7100429535,6.3724055290,32.69
6.2110000000,27.4001731873,14.6120195389,6.0537853241,31.64
6.2210000000,27.2016201019,14.1610317230,6.6113710403,31.37
6.2310000000,28.9885883331,13.7100429535,6.8503355980,32.79
6.2410000000,27.4001731873,13.3492527008,6.8503355980,31.24
6.2510000000,27.4001731873,14.4316244125,6.6910257339,31.68
6.2610000000,28.3929328918,14.3414268494,6.4520606995,32.46
6.2700000000,28.7900371552,13.2590551376,6.4520606995,32.35
6.2800000000,28.5914840698,14.4316244125,6.3724055290,32.66
6.2900000000,28.1943798065,13.1688575745,6.6910257339,31.83
6.3000000000,27.9958286285,14.1610317230,6.1334404945,31.97
6.3100000000,28.3929328918,13.6198453903,6.4520606995,32.14
6.3190000000,28.9885883331,13.8904380798,6.8503355980,32.87
6.3300000000,28.9885883331,13.7100429535,6.5317158699,32.73
6.3390000000,27.7972755432,13.1688575745,6.0537853241,31.35
6.3490000000,27.0030689240,13.5296478271,6.5317158699,30.90
6.3590000000,27.5987243652,13.8002405167,6.4520606995,31.52
6.3690000000,28.7900371552,13.8002405167,6.1334404945,32.51
6.3790000000,29.1871395111,13.9806365967,6.1334404945,32.94
6.3890000000,28.3929328918,13.4394502640,6.7706809044,32.13
6.3980000000,28.7900371552,13.6198453903,5.9741301537,32.40
6.4080000000,28.1943798065,14.4316244125,6.6910257339,32.37
6.4180000000,27.7972755432,13.5296478271,6.2130956650,31.53
6.4280000000,30.7755565643,14.3414268494,6.7706809044,34.62
6.4380000000,28.9885883331,14.2512292862,6.5317158699,32.96
6.4480000000,28.3929328918,13.9806365967,6.4520606995,32.30
6.4580000000,28.9885883331,13.5296478271,6.3724055290,32.62
6.4670000000,29.7827968597,13.7100429535,6.3724055290,33.40
6.4770000000,29.7827968597,14.9728107452,6.0537853241,33.88
6.4870000000,28.3929328918,14.1610317230,6.2927503586,32.35
6.4970000000,29.1871395111,13.2590551376,6.1334404945,32.64
6.5070000000,28.9885883331,13.7100429535,5.7351651192,32.58
6.5170000000,28.1943798065,13.7100429535,6.8503355980,32.09
6.5260000000,29.1871395111,13.2590551376,6.4520606995,32.70
6.5360000000,26.8045158386,14.5218219757,6.2927503586,31.13
6.5460000000,27.7972755432,13.1688575745,6.0537853241,31.35
6.5560000000,27.5987243652,13.6198453903,6.6113710403,31.48
6.5660000000,28.1943798065,13.7100429535,6.5317158699,32.02
6.5760000000,28.9885883331,14.0708341599,6.0537853241,32.79
6.5850000000,27.7972755432,13.8904380798,6.2130956650,31.69
6.5950000000,28.3929328918,14.3414268494,5.9741301537,32.37
6.6050000000,28.3929328918,13.9806365967,5.9741301537,32.21
6.6150000000,30.1799011230,13.8904380798,6.6910257339,33.89
6.6250000000,28.5914840698,14.6120195389,6.6910257339,32.80
6.6350000000,29.1871395111,14.3414268494,6.2927503586,33.12
6.6440000000,29.7827968597,13.7100429535,6.8503355980,33.49
6.6540000000,29.3856925964,14.2512292862,5.7351651192,33.16
6.6640000000,27.4001731873,13.7100429535,5.8944749832,31.20
6.6740000000,29.7827968597,12.9884614944,6.5317158699,33.14
6.6840000000,29.1871395111,13.9806365967,5.8148202896,32.88
6.6940000000,29.3856925964,13.7100429535,6.3724055290,33.05
6.7040000000,27.7972755432,13.3492527008,6.3724055290,31.49
6.7130000000,28.5914840698,13.8904380798,5.7351651192,32.30
6.7230000000,29.1871395111,13.8002405167,6.2927503586,32.89
6.7330000000,29.1871395111,13.0786600113,6.2927503586,32.60
6.7430000000,29.7827968597,13.3492527008,5.7351651192,33.14
6.7530000000,29.7827968597,14.0708341599,6.3724055290,33.55
6.7620000000,30.5770034790,13.1688575745,6.0537853241,33.84
6.7730000000,27.9958286285,14.1610317230,6.2927503586,32.00
6.7820000000,29.1871395111,13.6198453903,5.9741301537,32.76
6.7920000000,29.5842437744,13.2590551376,5.9741301537,32.97
6.8020000000,27.9958286285,13.4394502640,5.9741301537,31.62
6.8120000000,30.1799011230,13.8904380798,6.0537853241,33.77
6.8220000000,28.1943798065,13.3492527008,5.7351651192,31.72
6.8310000000,28.9885883331,13.8904380798,5.7351651192,32.65
6.8410000000,27.4001731873,14.0708341599,6.3724055290,31.45
6.8510000000,27.5987243652,15.0630083084,6.1334404945,32.03
6.8610000000,28.7900371552,13.8002405167,5.9741301537,32.48
6.8710000000,27.5987243652,13.6198453903,6.1334404945,31.38
6.8810000000,27.9958286285,14.3414268494,5.6555099487,31.96
6.8910000000,28.9885883331,13.8904380798,5.8944749832,32.68
6.9010000000,27.5987243652,14.5218219757,5.8148202896,31.72
6.9100000000,29.3856925964,14.0708341599,5.7351651192,33.08
6.9200000000,28.1943798065,13.5296478271,6.2130956650,31.88
6.9300000000,29.1871395111,13.6198453903,6.2927503586,32.82
6.9400000000,28.1943798065,14.4316244125,5.5758547783,32.16
6.9500000000,28.5914840698,14.6120195389,5.0979242325,32.51
6.9600000000,28.9885883331,13.8904380798,5.5758547783,32.62
6.9690000000,28.9885883331,14.2512292862,5.4165449142,32.75
6.9790000000,28.9885883331,14.6120195389,5.8944749832,32.99
6.9890000000,28.9885883331,13.5296478271,5.8944749832,32.53
6.9990000000,29.7827968597,14.0708341599,5.0979242325,33.33
7.0090000000,28.9885883331,13.8904380798,5.2572345734,32.57
7.0190000000,30.5770034790,14.6120195389,6.2130956650,34.45
7.0290000000,28.7900371552,14.1610317230,4.8589591980,32.45
7.0380000000,27.2016201019,13.9806365967,5.3368897438,31.05
7.0480000000,28.9885883331,13.7100429535,5.4165449142,32.52
7.0580000000,28.5914840698,14.0708341599,6.0537853241,32.44
7.0680000000,28.1943798065,14.6120195389,5.7351651192,32.27
7.0780000000,30.3784523010,14.7022171021,5.8148202896,34.25
7.0880000000,28.5914840698,14.6120195389,6.0537853241,32.67
7.0970000000,29.5842437744,13.9806365967,5.3368897438,33.15
7.1070000000,29.5842437744,14.1610317230,5.8148202896,33.31
7.1170000000,28.3929328918,14.8826131821,5.4961996078,32.52
7.1270000000,29.7827968597,14.2512292862,5.7351651192,33.51
7.1370000000,28.9885883331,14.0708341599,5.7351651192,32.73
7.1470000000,29.9813480377,13.8002405167,5.9741301537,33.54
7.1570000000,28.3929328918,14.1610317230,5.8148202896,32.26
7.1660000000,31.9668674469,14.7022171021,6.1334404945,35.72
7.1760000000,31.1726608276,14.7022171021,6.4520606995,35.06
7.1860000000,29.7827968597,13.8904380798,5.7351651192,33.36
7.1960000000,31.3712120056,14.6120195389,5.8944749832,35.11
7.2060000000,30.5770034790,14.6120195389,6.0537853241,34.43
7.2150000000,29.3856925964,13.8904380798,6.2130956650,33.09
7.2250000000,29.7827968597,14.2512292862,6.8503355980,33.72
7.2350000000,31.1726608276,13.8002405167,5.9741301537,34.61
7.2450000000,30.3784523010,14.8826131821,6.2927503586,34.41
7.2550000000,30.1799011230,14.4316244125,6.2130956650,34.03
7.2650000000,30.3784523010,14.3414268494,5.9741301537,34.12
7.2750000000,32.5625228882,13.1688575745,6.5317158699,35.73
7.2850000000,31.3712120056,14.2512292862,6.3724055290,35.04
7.2940000000,31.3712120056,13.1688575745,6.5317158699,34.64
7.3040000000,31.7683162689,14.7924146652,6.3724055290,35.62
7.3140000000,30.5770034790,13.8904380798,6.3724055290,34.18
7.3240000000,32.5625228882,13.5296478271,6.6910257339,35.89
7.3340000000,30.9741077423,14.0708341599,5.8944749832,34.53
7.3440000000,30.7755565643,13.4394502640,6.4520606995,34.20
7.3530000000,32.7610778809,13.9806365967,6.4520606995,36.20
7.3630000000,31.3712120056,13.5296478271,6.2130956650,34.72
7.3730000000,31.3712120056,13.5296478271,6.5317158699,34.78
7.3830000000,30.3784523010,12.8982639313,7.0893011093,33.76
7.3930000000,29.9813480377,13.2590551376,6.2927503586,33.38
7.4030000000,30.5770034790,14.0708341599,6.3724055290,34.26
7.4130000000,30.1799011230,13.3492527008,6.3724055290,33.61
7.4220000000,30.3784523010,13.4394502640,6.1334404945,33.78
7.4320000000,31.7683162689,13.3492527008,6.8503355980,35.13
7.4420000000,29.9813480377,13.9806365967,6.7706809044,33.77
7.4520000000,29.9813480377,13.4394502640,5.9741301537,33.39
7.4620000000,29.5842437744,13.2590551376,6.6113710403,33.09
7.4720000000,29.9813480377,13.4394502640,6.7706809044,33.55
7.4810000000,29.9813480377,13.4394502640,6.2927503586,33.45
7.4910000000,29.1871395111,13.8002405167,6.7706809044,32.99
7.5010000000,28.1943798065,13.1688575745,6.2130956650,31.73
7.5110000000,29.7827968597,12.9884614944,7.0096459389,33.24
7.5210000000,30.1799011230,12.9884614944,6.8503355980,33.56
7.5310000000,29.5842437744,13.4394502640,6.7706809044,33.19
7.5400000000,29.1871395111,13.8002405167,6.4520606995,32.92
7.5500000000,29.1871395111,13.6198453903,5.9741301537,32.76
7.5600000000,29.5842437744,13.4394502640,5.6555099487,32.98
7.5700000000,29.1871395111,14.1610317230,6.9299907684,33.17
7.5800000000,28.5914840698,12.6276712418,6.6910257339,31.96
7.5900000000,30.1799011230,13.3492527008,6.6910257339,33.67
7.6000000000,29.5842437744,13.0786600113,6.6113710403,33.01
7.6090000000,28.3929328918,13.9806365967,6.6113710403,32.33
7.6190000000,29.7827968597,13.5296478271,6.6910257339,33.39
7.6290000000,28.1943798065,13.1688575745,6.3724055290,31.76
7.6390000000,29.3856925964,12.9884614944,5.8944749832,32.66
7.6490000000,29.9813480377,13.8002405167,6.6113710403,33.66
7.6590000000,27.9958286285,13.0786600113,6.6113710403,31.60
7.6690000000,29.5842437744,13.8002405167,6.6113710403,33.31
7.6780000000,29.1871395111,13.2590551376,6.6113710403,32.73
7.6880000000,28.5914840698,13.3492527008,6.6910257339,32.26
7.6980000000,29.9813480377,13.0786600113,6.9299907684,33.44
7.7080000000,30.1799011230,13.1688575745,6.6910257339,33.60
7.7180000000,30.1799011230,13.5296478271,6.6910257339,33.74
7.7270000000,27.7972755432,13.1688575745,6.6910257339,31.48
7.7370000000,26.8045158386,13.8002405167,6.4520606995,30.83
7.7470000000,28.7900371552,13.2590551376,6.7706809044,32.41
7.7570000000,29.1871395111,12.8982639313,6.6113710403,32.59
7.7670000000,28.1943798065,14.2512292862,6.6910257339,32.29
7.7770000000,27.9958286285,13.6198453903,6.1334404945,31.73
7.7870000000,28.3929328918,13.4394502640,6.2927503586,32.04
7.7960000000,29.3856925964,13.5296478271,6.5317158699,33.00
7.8060000000,29.5842437744,13.8002405167,7.0893011093,33.41
7.8160000000,29.7827968597,13.7100429535,6.8503355980,33.49
7.8260000000,28.9885883331,13.5296478271,6.5317158699,32.65
7.8360000000,28.1943798065,13.7100429535,6.2130956650,31.96
7.8460000000,28.5914840698,13.8904380798,6.2130956650,32.39
7.8560000000,29.5842437744,13.6198453903,6.4520606995,33.20
7.8650000000,28.5914840698,13.7100429535,6.2130956650,32.31
7.8750000000,29.5842437744,12.8982639313,6.6113710403,32.94
7.8850000000,27.9958286285,13.9806365967,6.4520606995,31.95
7.8950000000,27.4001731873,13.1688575745,6.2130956650,31.03
7.9050000000,29.9813480377,13.8002405167,7.0893011093,33.76
7.9150000000,27.7972755432,13.1688575745,6.2130956650,31.38
7.9240000000,29.1871395111,13.6198453903,6.6113710403,32.88
7.9340000000,28.7900371552,13.2590551376,6.7706809044,32.41
7.9440000000,29.3856925964,13.5296478271,6.2130956650,32.94
7.9540000000,29.3856925964,13.7100429535,6.8503355980,33.14
7.9640000000,28.9885883331,13.1688575745,6.3724055290,32.47
7.9740000000,27.5987243652,13.4394502640,6.7706809044,31.43
7.9840000000,29.7827968597,13.8904380798,6.0537853241,33.42
7.9930000000,29.3856925964,12.8080663681,6.3724055290,32.68
8.0030000000,30.7755565643,13.4394502640,6.2927503586,34.17
8.0130000000,28.1943798065,13.3492527008,6.5317158699,31.87
8.0230000000,28.3929328918,13.6198453903,6.6113710403,32.18
8.0330000000,30.5770034790,13.7100429535,6.5317158699,34.14
8.0430000000,28.7900371552,14.1610317230,6.9299907684,32.82
8.0520000000,29.9813480377,13.0786600113,6.4520606995,33.34
8.0620000000,28.9885883331,14.4316244125,6.6910257339,33.07
8.0720000000,28.1943798065,13.7100429535,6.2130956650,31.96
8.0820000000,27.2016201019,12.8982639313,6.9299907684,30.89
8.0920000000,28.7900371552,12.8982639313,6.7706809044,32.27
8.1020000000,27.5987243652,13.6198453903,6.1334404945,31.38
8.1110000000,27.5987243652,12.5374736786,6.4520606995,30.99
8.1210000000,28.9885883331,14.4316244125,6.3724055290,33.00
8.1310000000,29.3856925964,13.8904380798,6.3724055290,33.12
8.1410000000,28.3929328918,12.7178688049,6.2927503586,31.74
8.1510000000,29.1871395111,13.4394502640,7.0893011093,32.91
8.1610000000,29.5842437744,13.6198453903,6.6113710403,33.23
8.1710000000,29.9813480377,13.8002405167,6.6113710403,33.66
8.1800000000,27.7972755432,13.8904380798,6.3724055290,31.72
8.1900000000,29.5842437744,13.6198453903,5.9741301537,33.11
8.2000000000,27.2016201019,13.9806365967,6.6113710403,31.29
8.2100000000,29.9813480377,13.9806365967,7.0893011093,33.83
8.2200000000,28.1943798065,13.5296478271,6.5317158699,31.95
8.2300000000,29.7827968597,13.1688575745,6.2130956650,33.15
8.2400000000,29.9813480377,13.6198453903,6.6113710403,33.59
8.2490000000,30.1799011230,13.8904380798,7.1689558029,33.99
8.2590000000,28.3929328918,13.4394502640,6.4520606995,32.07
8.2690000000,28.7900371552,13.6198453903,6.7706809044,32.56
8.2790000000,29.3856925964,13.3492527008,6.6910257339,32.96
8.2890000000,29.5842437744,13.2590551376,7.2486109734,33.22
8.2990000000,28.5914840698,13.5296478271,6.5317158699,32.30
8.3090000000,29.3856925964,14.0708341599,5.5758547783,33.05
8.3180000000,28.7900371552,13.9806365967,6.7706809044,32.71
8.3280000000,28.9885883331,14.0708341599,6.8503355980,32.94
8.3380000000,28.7900371552,13.4394502640,6.6113710403,32.45
8.3480000000,29.5842437744,14.5218219757,6.4520606995,33.58
8.3580000000,29.5842437744,13.4394502640,6.1334404945,33.07
8.3680000000,29.9813480377,13.4394502640,5.9741301537,33.39
8.3770000000,27.2016201019,13.4394502640,6.9299907684,31.12
8.3870000000,27.5987243652,13.2590551376,6.9299907684,31.39
8.3970000000,28.5914840698,14.0708341599,6.6910257339,32.56
8.4070000000,28.3929328918,13.4394502640,6.4520606995,32.07
8.4170000000,28.3929328918,13.2590551376,5.9741301537,31.90
8.4260000000,28.1943798065,13.5296478271,6.3724055290,31.92
8.4370000000,28.3929328918,13.6198453903,7.0893011093,32.28
8.4460000000,28.7900371552,13.2590551376,5.9741301537,32.25
8.4560000000,29.3856925964,13.5296478271,6.3724055290,32.97
8.4660000000,28.7900371552,12.7178688049,6.6113710403,32.16
8.4760000000,29.1871395111,13.4394502640,6.7706809044,32.84
8.4860000000,28.5914840698,13.7100429535,6.3724055290,32.34
8.4960000000,29.3856925964,12.9884614944,6.8503355980,32.85
8.5050000000,27.2016201019,13.6198453903,6.9299907684,31.20
8.5150000000,28.5914840698,13.1688575745,6.2130956650,32.09
8.5250000000,28.5914840698,13.3492527008,6.5317158699,32.22
8.5350000000,27.4001731873,14.2512292862,6.5317158699,31.57
8.5450000000,28.7900371552,14.1610317230,6.9299907684,32.82
8.5550000000,29.7827968597,13.1688575745,6.6910257339,33.24
8.5640000000,29.1871395111,13.2590551376,6.2927503586,32.67
8.5740000000,28.9885883331,13.7100429535,7.3282661438,32.89
8.5840000000,27.7972755432,13.5296478271,6.5317158699,31.60
8.5940000000,28.1943798065,13.3492527008,6.8503355980,31.94
8.6040000000,27.9958286285,13.4394502640,6.2927503586,31.69
8.6140000000,28.1943798065,13.3492527008,6.8503355980,31.94
8.6240000000,29.7827968597,13.5296478271,6.6910257339,33.39
8.6330000000,28.9885883331,13.5296478271,6.5317158699,32.65
8.6430000000,28.3929328918,13.8002405167,6.7706809044,32.29
8.6530000000,29.1871395111,13.2590551376,7.0893011093,32.83
8.6630000000,28.9885883331,12.9884614944,6.6910257339,32.46
8.6730000000,28.3929328918,13.8002405167,6.7706809044,32.29
8.6820000000,28.5914840698,14.2512292862,6.3724055290,32.58
8.6930000000,29.1871395111,13.8002405167,6.2927503586,32.89
8.7020000000,29.7827968597,13.5296478271,6.5317158699,33.36
8.7120000000,28.9885883331,13.1688575745,6.6910257339,32.54
8.7220000000,29.9813480377,13.8002405167,6.7706809044,33.69
8.7320000000,27.5987243652,13.6198453903,6.2927503586,31.41
8.7420000000,27.9958286285,13.8002405167,5.9741301537,31.78
8.7510000000,29.9813480377,13.8002405167,6.7706809044,33.69
8.7610000000,27.5987243652,14.3414268494,6.4520606995,31.76
8.7710000000,29.1871395111,13.4394502640,7.0893011093,32.91
8.7810000000,29.1871395111,13.9806365967,6.6113710403,33.03
8.7910000000,30.1799011230,14.4316244125,6.6910257339,34.12
8.8010000000,29.9813480377,13.6198453903,7.0893011093,33.68
8.8100000000,30.3784523010,13.0786600113,6.2927503586,33.67
8.8210000000,28.7900371552,13.2590551376,6.4520606995,32.35
8.8300000000,27.9958286285,14.1610317230,5.9741301537,31.94
8.8400000000,28.7900371552,14.5218219757,6.6113710403,32.92
8.8500000000,29.1871395111,14.1610317230,5.8148202896,32.96
8.8600000000,27.4001731873,14.0708341599,6.3724055290,31.45
8.8700000000,28.7900371552,13.9806365967,6.7706809044,32.71
8.8790000000,28.7900371552,14.1610317230,6.7706809044,32.79
8.8890000000,28.1943798065,14.0708341599,6.3724055290,32.15
8.8990000000,27.5987243652,13.6198453903,6.7706809044,31.51
8.9090000000,29.3856925964,13.5296478271,7.4875764847,33.21
8.9190000000,28.7900371552,13.2590551376,6.6113710403,32.38
8.9290000000,28.5914840698,12.9884614944,6.8503355980,32.14
8.9380000000,27.9958286285,13.6198453903,6.4520606995,31.79
8.9480000000,27.5987243652,13.4394502640,6.2927503586,31.34
8.9580000000,29.3856925964,13.1688575745,6.5317158699,32.86
8.9680000000,27.9958286285,13.2590551376,6.1334404945,31.58
8.9780000000,29.1871395111,13.9806365967,6.4520606995,33.00
8.9880000000,28.9885883331,14.2512292862,6.3724055290,32.92
8.9980000000,29.7827968597,14.2512292862,7.1689558029,33.79
9.0070000000,28.3929328918,13.9806365967,7.4079213142,32.50
9.0170000000,28.3929328918,13.9806365967,6.9299907684,32.40
9.0270000000,27.4001731873,13.1688575745,6.5317158699,31.09
9.0370000000,29.9813480377,13.2590551376,6.7706809044,33.47
9.0470000000,27.2016201019,14.1610317230,6.6113710403,31.37
9.0570000000,27.5987243652,13.8002405167,6.2927503586,31.49
9.0670000000,28.9885883331,14.4316244125,5.8944749832,32.91
9.0760000000,26.6059646606,13.5296478271,6.6910257339,30.59
9.0860000000,29.5842437744,13.6198453903,6.6113710403,33.23
9.0960000000,28.5914840698,14.2512292862,6.3724055290,32.58
9.1060000000,28.1943798065,12.9884614944,7.0096459389,31.82
9.1160000000,29.9813480377,13.6198453903,7.4079213142,33.75
9.1250000000,30.5770034790,13.3492527008,6.5317158699,34.00
9.1360000000,27.9958286285,13.4394502640,6.4520606995,31.72
9.1450000000,29.1871395111,13.8002405167,6.6113710403,32.96
9.1550000000,28.7900371552,13.6198453903,6.2927503586,32.46
9.1650000000,27.4001731873,13.1688575745,6.6910257339,31.13
9.1750000000,29.3856925964,13.7100429535,6.5317158699,33.08
9.1850000000,29.7827968597,13.3492527008,6.5317158699,33.28
9.1950000000,27.7972755432,14.7924146652,6.3724055290,32.13
9.2040000000,29.5842437744,13.6198453903,6.4520606995,33.20
9.2140000000,28.1943798065,13.7100429535,7.0096459389,32.13
9.2240000000,29.3856925964,14.2512292862,6.6910257339,33.34
9.2340000000,27.4001731873,14.0708341599,6.3724055290,31.45
9.2440000000,28.5914840698,13.7100429535,7.1689558029,32.51
9.2540000000,29.5842437744,13.0786600113,6.4520606995,32.98
9.2640000000,28.3929328918,13.0786600113,6.2927503586,31.89
9.2730000000,28.9885883331,14.2512292862,6.6910257339,32.99
9.2830000000,28.7900371552,13.9806365967,5.9741301537,32.56
9.2930000000,28.7900371552,13.9806365967,6.2927503586,32.62
9.3030000000,27.9958286285,14.3414268494,6.7706809044,32.18
9.3130000000,27.9958286285,13.4394502640,6.6113710403,31.75
9.3220000000,28.9885883331,13.5296478271,6.2130956650,32.59
9.3330000000,29.5842437744,13.9806365967,6.4520606995,33.35
9.3420000000,28.7900371552,13.8002405167,6.7706809044,32.64
9.3520000000,30.5770034790,13.5296478271,6.5317158699,34.07
9.3620000000,27.7972755432,13.5296478271,6.8503355980,31.66
9.3720000000,29.9813480377,13.6198453903,6.6113710403,33.59
9.3820000000,29.5842437744,13.9806365967,6.6113710403,33.38
9.3910000000,29.3856925964,14.0708341599,6.8503355980,33.29
9.4010000000,27.7972755432,13.7100429535,6.0537853241,31.58
9.4110000000,28.7900371552,13.8002405167,6.9299907684,32.67
9.4210000000,28.5914840698,13.7100429535,7.1689558029,32.51
9.4310000000,28.7900371552,13.8002405167,6.6113710403,32.60
9.4410000000,27.7972755432,13.5296478271,6.2130956650,31.53
9.4510000000,27.9958286285,14.7022171021,6.9299907684,32.37
9.4600000000,28.1943798065,13.7100429535,6.5317158699,32.02
9.4700000000,27.5987243652,13.6198453903,6.2927503586,31.41
9.4800000000,27.4001731873,14.0708341599,6.5317158699,31.49
9.4900000000,29.1871395111,13.8002405167,6.4520606995,32.92
9.5000000000,29.3856925964,13.7100429535,7.0096459389,33.18
9.5100000000,27.5987243652,13.0786600113,6.4520606995,31.21
9.5190000000,28.9885883331,13.7100429535,6.3724055290,32.69
9.5290000000,28.1943798065,13.3492527008,6.6910257339,31.90
9.5390000000,29.5842437744,13.2590551376,6.2927503586,33.02
9.5490000000,28.3929328918,13.8002405167,6.6113710403,32.25
9.5590000000,28.3929328918,13.6198453903,6.9299907684,32.24
9.5690000000,27.9958286285,13.9806365967,7.4079213142,32.16
9.5790000000,28.9885883331,13.8904380798,6.6910257339,32.83
9.5880000000,28.5914840698,13.5296478271,6.8503355980,32.36
9.5980000000,27.9958286285,13.2590551376,7.0893011093,31.78
9.6080000000,29.9813480377,14.1610317230,6.9299907684,33.87
9.6180000000,27.4001731873,13.5296478271,7.1689558029,31.39
9.6280000000,30.3784523010,13.8002405167,6.6113710403,34.01
9.6380000000,28.1943798065,13.8904380798,6.6910257339,32.13
9.6480000000,28.9885883331,13.5296478271,6.2130956650,32.59
9.6570000000,29.7827968597,13.7100429535,6.3724055290,33.40
9.6670000000,26.0103092194,14.1610317230,6.1334404945,30.24
9.6770000000,28.3929328918,13.8002405167,6.2927503586,32.19
9.6870000000,30.3784523010,13.2590551376,6.2927503586,33.74
9.6970000000,29.7827968597,14.6120195389,7.0096459389,33.91
9.7060000000,28.1943798065,13.1688575745,7.1689558029,31.93
9.7170000000,28.5914840698,13.8904380798,6.8503355980,32.52
9.7260000000,29.1871395111,13.0786600113,6.4520606995,32.63
9.7360000000,29.7827968597,13.5296478271,6.8503355980,33.42
9.7460000000,29.1871395111,13.8002405167,6.6113710403,32.96
9.7560000000,28.3929328918,13.0786600113,6.2927503586,31.89
9.7660000000,29.3856925964,14.0708341599,7.0096459389,33.33
9.7750000000,27.5987243652,14.3414268494,6.4520606995,31.76
9.7860000000,28.5914840698,13.7100429535,6.2130956650,32.31
9.7950000000,30.1799011230,14.0708341599,6.5317158699,33.93
9.8050000000,28.5914840698,14.0708341599,6.2130956650,32.47
9.8150000000,28.7900371552,12.5374736786,7.2486109734,32.23
9.8250000000,27.5987243652,13.9806365967,6.9299907684,31.70
9.8350000000,30.3784523010,13.2590551376,6.2927503586,33.74
9.8440000000,29.7827968597,13.7100429535,5.8944749832,33.31
9.8540000000,28.3929328918,13.9806365967,6.2927503586,32.27
9.8640000000,28.7900371552,13.8002405167,6.6113710403,32.60
9.8740000000,28.5914840698,13.7100429535,6.6910257339,32.41
9.8840000000,27.7972755432,13.8904380798,6.6910257339,31.79
9.8940000000,27.5987243652,13.4394502640,6.1334404945,31.30
9.9030000000,29.9813480377,13.6198453903,6.6113710403,33.59
9.9130000000,28.9885883331,13.8904380798,6.8503355980,32.87
9.9230000000,29.3856925964,13.7100429535,6.5317158699,33.08
9.9330000000,28.3929328918,13.8002405167,6.6113710403,32.25
9.9430000000,30.5770034790,13.7100429535,6.5317158699,34.14
9.9530000000,29.1871395111,13.0786600113,6.7706809044,32.69
9.9630000000,27.9958286285,13.9806365967,6.6113710403,31.98
9.9720000000,28.1943798065,13.8904380798,6.3724055290,32.07
9.9820000000,29.1871395111,13.4394502640,6.6113710403,32.81
9.9920000000,28.7900371552,13.9806365967,6.7706809044,32.71
10.0020000000,27.7972755432,14.0708341599,6.8503355980,31.90
10.0120000000,30.3784523010,14.5218219757,6.2927503586,34.25
10.0220000000,28.9885883331,13.3492527008,6.3724055290,32.54
10.0310000000,28.3929328918,13.6198453903,6.2927503586,32.11
10.0420000000,28.7900371552,13.8002405167,6.9299907684,32.67
10.0510000000,27.7972755432,13.8904380798,6.6910257339,31.79
10.0610000000,29.9813480377,13.8002405167,6.7706809044,33.69
10.0710000000,26.8045158386,13.8002405167,6.7706809044,30.90
10.0810000000,28.7900371552,14.1610317230,6.7706809044,32.79
10.0910000000,27.9958286285,13.6198453903,5.9741301537,31.70
10.1000000000,28.3929328918,13.8002405167,7.0893011093,32.36
10.1100000000,29.7827968597,14.2512292862,6.6910257339,33.69
10.1200000000,27.7972755432,14.0708341599,7.0096459389,31.93
10.1300000000,29.1871395111,13.0786600113,6.1334404945,32.57
10.1400000000,27.9958286285,13.4394502640,6.9299907684,31.82
10.1500000000,27.2016201019,13.8002405167,6.7706809044,31.24
10.1600000000,29.5842437744,13.8002405167,6.2927503586,33.25
10.1690000000,28.3929328918,13.4394502640,6.7706809044,32.13
10.1790000000,27.2016201019,13.9806365967,6.2927503586,31.22
10.1890000000,28.9885883331,13.8904380798,7.0096459389,32.90
10.1990000000,29.7827968597,13.8904380798,6.6910257339,33.54
10.2090000000,29.3856925964,13.1688575745,7.0096459389,32.96
10.2190000000,28.3929328918,12.8982639313,6.7706809044,31.91
10.2290000000,28.7900371552,13.6198453903,6.1334404945,32.43
10.2380000000,28.3929328918,13.6198453903,6.7706809044,32.21
10.2480000000,29.7827968597,13.8904380798,6.6910257339,33.54
10.2580000000,27.5987243652,13.9806365967,6.6113710403,31.64
10.2680000000,29.1871395111,13.6198453903,6.4520606995,32.85
10.2780000000,27.4001731873,13.7100429535,5.7351651192,31.17
10.2870000000,28.3929328918,13.9806365967,6.9299907684,32.40
10.2980000000,28.3929328918,13.6198453903,6.6113710403,32.18
10.3070000000,29.9813480377,13.4394502640,6.6113710403,33.51
10.3170000000,28.1943798065,13.8904380798,6.6910257339,32.13
10.3270000000,27.9958286285,13.8002405167,6.1334404945,31.81
10.3370000000,28.3929328918,13.6198453903,6.7706809044,32.21
10.3470000000,28.7900371552,13.8002405167,6.4520606995,32.57
10.3560000000,29.1871395111,13.4394502640,6.4520606995,32.77
10.3660000000,27.9958286285,13.4394502640,6.4520606995,31.72
10.3760000000,28.5914840698,13.8904380798,6.5317158699,32.45
10.3860000000,28.5914840698,14.6120195389,6.5317158699,32.77
10.3960000000,29.5842437744,13.6198453903,6.6113710403,33.23
10.4060000000,27.9958286285,14.1610317230,6.6113710403,32.06
10.4160000000,29.1871395111,13.0786600113,7.0893011093,32.76
10.4250000000,29.7827968597,13.7100429535,7.1689558029,33.56
10.4350000000,28.5914840698,13.3492527008,6.5317158699,32.22
10.4450000000,29.7827968597,13.3492527008,6.3724055290,33.25
10.4550000000,29.1871395111,13.2590551376,6.4520606995,32.70
10.4650000000,27.2016201019,14.1610317230,6.2927503586,31.31
10.4750000000,27.9958286285,13.9806365967,5.9741301537,31.86
10.4840000000,27.4001731873,13.5296478271,6.5317158699,31.25
10.4940000000,29.7827968597,13.7100429535,7.0096459389,33.53
10.5040000000,28.7900371552,14.1610317230,7.0893011093,32.86
10.5140000000,28.5914840698,13.3492527008,6.2130956650,32.16
10.5240000000,30.1799011230,13.7100429535,5.8944749832,33.67
10.5340000000,28.1943798065,13.8904380798,6.6910257339,32.13
10.5440000000,27.4001731873,13.8904380798,6.3724055290,31.37
10.5530000000,29.3856925964,13.7100429535,6.2130956650,33.02
10.5630000000,29.7827968597,13.8904380798,6.6910257339,33.54
10.5730000000,28.3929328918,13.8002405167,6.4520606995,32.22
10.5830000000,29.9813480377,13.4394502640,6.2927503586,33.45
10.5930000000,28.1943798065,13.3492527008,6.2130956650,31.81
10.6030000000,29.3856925964,14.0708341599,6.8503355980,33.29
10.6120000000,28.5914840698,14.0708341599,6.6910257339,32.56
10.6220000000,28.3929328918,14.3414268494,6.6113710403,32.49
10.6320000000,28.9885883331,13.5296478271,6.6910257339,32.68
10.6420000000,28.5914840698,13.3492527008,7.4875764847,32.43
10.6520000000,29.7827968597,13.5296478271,6.5317158699,33.36
10.6620000000,29.5842437744,13.4394502640,6.2927503586,33.10
10.6720000000,28.7900371552,13.9806365967,6.9299907684,32.75
10.6810000000,29.1871395111,13.8002405167,6.7706809044,32.99
10.6910000000,28.9885883331,13.7100429535,6.3724055290,32.69
10.7010000000,28.3929328918,13.9806365967,6.7706809044,32.36
10.7110000000,27.9958286285,13.4394502640,6.6113710403,31.75
10.7210000000,28.5914840698,14.4316244125,6.8503355980,32.75
10.7310000000,29.1871395111,14.1610317230,5.9741301537,32.99
10.7410000000,28.1943798065,13.8904380798,6.2130956650,32.04
10.7500000000,29.1871395111,13.9806365967,6.2927503586,32.97
10.7600000000,27.4001731873,13.8904380798,6.3724055290,31.37
10.7700000000,28.3929328918,13.6198453903,6.2927503586,32.11
10.7800000000,28.1943798065,13.5296478271,7.0096459389,32.05
10.7900000000,27.5987243652,13.8002405167,6.2927503586,31.49
10.8000000000,28.3929328918,13.6198453903,6.4520606995,32.14
10.8090000000,27.5987243652,13.6198453903,6.9299907684,31.55
10.8190000000,28.1943798065,13.7100429535,5.8944749832,31.90
10.8290000000,27.7972755432,13.7100429535,6.6910257339,31.71
10.8390000000,27.9958286285,13.8002405167,6.7706809044,31.94
10.8490000000,27.2016201019,14.1610317230,6.1334404945,31.27
10.8590000000,27.9958286285,13.6198453903,6.2927503586,31.76
10.8690000000,29.3856925964,13.8904380798,6.6910257339,33.18
10.8780000000,29.9813480377,13.4394502640,6.2927503586,33.45
10.8880000000,27.4001731873,13.3492527008,6.5317158699,31.17
10.8980000000,28.3929328918,13.8002405167,6.1334404945,32.16
10.9080000000,28.5914840698,13.5296478271,6.8503355980,32.36
10.9180000000,28.5914840698,13.8904380798,6.2130956650,32.39
10.9280000000,28.7900371552,13.6198453903,6.2927503586,32.46
10.9380000000,29.1871395111,13.6198453903,5.9741301537,32.76
10.9470000000,28.1943798065,13.8904380798,7.0096459389,32.20
10.9570000000,28.1943798065,13.8904380798,6.3724055290,32.07
10.9670000000,28.9885883331,14.0708341599,6.3724055290,32.85
10.9770000000,28.1943798065,13.1688575745,6.2130956650,31.73
10.9870000000,29.1871395111,13.6198453903,5.8148202896,32.73
10.9970000000,27.5987243652,14.1610317230,6.4520606995,31.68
11.0060000000,29.5842437744,14.1610317230,5.9741301537,33.34
11.0160000000,28.1943798065,13.7100429535,6.8503355980,32.09
11.0260000000,27.5987243652,13.2590551376,6.9299907684,31.39
11.0360000000,28.9885883331,13.7100429535,6.2130956650,32.66
11.0460000000,28.7900371552,13.0786600113,6.7706809044,32.34
11.0550000000,29.3856925964,13.7100429535,5.8944749832,32.96
11.0660000000,30.5770034790,13.7100429535,6.6910257339,34.17
11.0750000000,28.9885883331,14.0708341599,6.5317158699,32.88
11.0850000000,27.2016201019,14.1610317230,6.7706809044,31.41
11.0950000000,29.7827968597,13.7100429535,6.3724055290,33.40
11.1050000000,27.9958286285,14.1610317230,5.8148202896,31.91
11.1150000000,29.1871395111,13.0786600113,6.7706809044,32.69
11.1240000000,28.9885883331,14.0708341599,6.0537853241,32.79
11.1340000000,28.5914840698,14.0708341599,6.2130956650,32.47
11.1440000000,27.4001731873,13.1688575745,6.5317158699,31.09
11.1540000000,28.7900371552,13.9806365967,7.0893011093,32.78
11.1640000000,27.4001731873,13.8904380798,6.2130956650,31.34
11.1740000000,27.7972755432,14.0708341599,6.0537853241,31.74
11.1840000000,30.1799011230,13.5296478271,6.5317158699,33.71
11.1930000000,27.9958286285,14.3414268494,6.7706809044,32.18
11.2030000000,28.5914840698,13.5296478271,6.2130956650,32.24
11.2130000000,28.5914840698,13.3492527008,6.8503355980,32.29
11.2230000000,29.5842437744,13.6198453903,6.4520606995,33.20
11.2330000000,28.1943798065,13.1688575745,6.2130956650,31.73
11.2430000000,29.7827968597,13.1688575745,6.2130956650,33.15
11.2530000000,29.3856925964,14.0708341599,6.5317158699,33.23
11.2620000000,28.3929328918,13.8002405167,6.6113710403,32.25
11.2720000000,29.1871395111,13.6198453903,6.2927503586,32.82
11.2820000000,29.3856925964,14.0708341599,6.6910257339,33.26
11.2920000000,29.3856925964,12.9884614944,6.3724055290,32.75
11.3020000000,29.7827968597,14.0708341599,6.3724055290,33.55
11.3120000000,30.3784523010,13.4394502640,6.2927503586,33.81
11.3210000000,28.3929328918,13.4394502640,6.4520606995,32.07
11.3310000000,28.1943798065,13.7100429535,6.3724055290,31.99
11.3410000000,29.5842437744,14.3414268494,6.7706809044,33.57
11.3510000000,29.3856925964,14.2512292862,7.1689558029,33.44
11.3610000000,28.3929328918,13.6198453903,5.8148202896,32.02
11.3710000000,28.9885883331,12.6276712418,6.6910257339,32.32
11.3810000000,29.7827968597,13.3492527008,6.8503355980,33.35
11.3900000000,28.1943798065,13.8904380798,6.0537853241,32.01
11.4000000000,29.9813480377,13.6198453903,6.1334404945,33.50
11.4100000000,29.1871395111,14.1610317230,5.9741301537,32.99
11.4200000000,29.1871395111,14.1610317230,6.6113710403,33.11
11.4300000000,27.7972755432,13.1688575745,6.6910257339,31.48
11.4400000000,29.3856925964,13.7100429535,6.2130956650,33.02
11.4490000000,28.1943798065,14.0708341599,6.3724055290,32.15
11.4590000000,28.5914840698,13.1688575745,6.5317158699,32.15
11.4690000000,26.8045158386,13.6198453903,6.4520606995,30.75
11.4790000000,28.5914840698,13.8904380798,7.0096459389,32.55
11.4890000000,28.5914840698,13.7100429535,6.5317158699,32.37
11.4990000000,28.1943798065,13.5296478271,6.5317158699,31.95
11.5080000000,27.5987243652,14.1610317230,6.7706809044,31.75
11.5180000000,27.7972755432,13.7100429535,5.8944749832,31.55
11.5280000000,28.5914840698,14.0708341599,6.5317158699,32.53
11.5380000000,29.5842437744,13.8002405167,6.6113710403,33.31
11.5480000000,29.5842437744,13.2590551376,6.6113710403,33.09
11.5580000000,27.4001731873,13.7100429535,7.3282661438,31.50
11.5680000000,29.1871395111,13.8002405167,6.1334404945,32.86
11.5770000000,28.5914840698,12.9884614944,6.5317158699,32.08
11.5870000000,28.5914840698,13.5296478271,6.2130956650,32.24
11.5970000000,27.7972755432,13.5296478271,6.5317158699,31.60
11.6070000000,28.3929328918,13.8002405167,6.4520606995,32.22
11.6170000000,26.6059646606,12.9884614944,6.0537853241,30.22
11.6270000000,28.3929328918,13.6198453903,6.6113710403,32.18
11.6370000000,29.7827968597,12.9884614944,6.6910257339,33.17
11.6460000000,29.1871395111,13.8002405167,7.0893011093,33.05
11.6560000000,30.3784523010,13.6198453903,6.7706809044,33.97
11.6660000000,29.1871395111,13.2590551376,6.6113710403,32.73
11.6760000000,29.7827968597,12.9884614944,6.2130956650,33.08
11.6860000000,27.5987243652,13.6198453903,6.6113710403,31.48
11.6960000000,28.5914840698,13.5296478271,7.1689558029,32.43
11.7050000000,29.9813480377,13.8002405167,6.7706809044,33.69
11.7150000000,28.1943798065,12.8080663681,7.0096459389,31.75
11.7250000000,27.7972755432,12.9884614944,6.5317158699,31.37
11.7350000000,27.5987243652,13.8002405167,6.4520606995,31.52
11.7450000000,29.1871395111,13.2590551376,6.7706809044,32.76
11.7550000000,28.3929328918,13.9806365967,6.2927503586,32.27
11.7650000000,28.7900371552,13.4394502640,6.4520606995,32.42
11.7740000000,29.5842437744,13.4394502640,6.1334404945,33.07
11.7840000000,28.9885883331,13.8904380798,6.8503355980,32.87
11.7940000000,27.0030689240,13.5296478271,6.3724055290,30.87
11.8040000000,28.7900371552,13.4394502640,5.9741301537,32.33
11.8140000000,29.7827968597,14.2512292862,5.7351651192,33.51
11.8230000000,29.1871395111,13.4394502640,6.4520606995,32.77
11.8340000000,27.5987243652,13.9806365967,6.6113710403,31.64
11.8430000000,28.9885883331,14.0708341599,6.5317158699,32.88
11.8530000000,28.5914840698,14.0708341599,6.3724055290,32.50
11.8630000000,28.5914840698,13.5296478271,6.8503355980,32.36
11.8730000000,29.7827968597,13.3492527008,6.5317158699,33.28
11.8830000000,28.7900371552,13.8002405167,6.6113710403,32.60
11.8920000000,28.1943798065,13.1688575745,7.0096459389,31.90
11.9020000000,27.9958286285,13.9806365967,6.4520606995,31.95
11.9120000000,27.9958286285,13.4394502640,6.1334404945,31.65
11.9220000000,28.7900371552,13.4394502640,6.2927503586,32.39
11.9320000000,29.3856925964,14.0708341599,6.6910257339,33.26
11.9420000000,29.3856925964,12.9884614944,6.6910257339,32.82
11.9520000000,28.7900371552,13.8002405167,6.4520606995,32.57
11.9610000000,27.9958286285,13.6198453903,6.7706809044,31.86
11.9710000000,27.7972755432,13.7100429535,6.5317158699,31.68
11.9810000000,27.5987243652,13.2590551376,6.1334404945,31.23
11.9910000000,29.1871395111,14.1610317230,6.6113710403,33.11
12.0010000000,27.4001731873,14.2512292862,6.8503355980,31.64
12.0110000000,28.3929328918,12.7178688049,6.4520606995,31.77
12.0210000000,28.1943798065,13.5296478271,6.3724055290,31.92
12.0300000000,29.1871395111,13.6198453903,6.4520606995,32.85
12.0400000000,26.8045158386,13.9806365967,6.2927503586,30.88
12.0500000000,28.9885883331,14.2512292862,6.8503355980,33.02
12.0600000000,29.1871395111,13.9806365967,6.4520606995,33.00
12.0700000000,30.7755565643,13.2590551376,6.7706809044,34.19
12.0800000000,26.8045158386,13.4394502640,6.1334404945,30.61
12.0890000000,27.7972755432,13.5296478271,6.6910257339,31.63
12.0990000000,27.9958286285,13.9806365967,5.8148202896,31.83
12.1090000000,28.5914840698,13.8904380798,6.5317158699,32.45
12.1190000000,28.5914840698,13.1688575745,6.6910257339,32.18
12.1290000000,28.1943798065,13.5296478271,7.0096459389,32.05
12.1390000000,28.5914840698,13.7100429535,7.0096459389,32.47
12.1490000000,29.5842437744,14.1610317230,6.7706809044,33.49
12.1580000000,27.7972755432,13.8904380798,6.2130956650,31.69
12.1680000000,28.7900371552,13.9806365967,6.1334404945,32.59
12.1780000000,27.9958286285,13.6198453903,5.9741301537,31.70
12.1880000000,27.7972755432,14.0708341599,6.6910257339,31.87
12.1980000000,27.4001731873,13.3492527008,6.6910257339,31.20
12.2080000000,27.9958286285,13.9806365967,6.4520606995,31.95
12.2170000000,28.3929328918,14.5218219757,7.0893011093,32.67
12.2270000000,28.5914840698,13.8904380798,6.2130956650,32.39
12.2370000000,28.7900371552,13.4394502640,6.7706809044,32.49
12.2470000000,28.7900371552,14.1610317230,6.7706809044,32.79
12.2570000000,28.3929328918,13.9806365967,6.2927503586,32.27
12.2660000000,28.3929328918,13.6198453903,7.0893011093,32.28
12.2770000000,29.1871395111,13.8002405167,6.9299907684,33.02
12.2860000000,28.9885883331,14.2512292862,6.3724055290,32.92
12.2960000000,28.9885883331,13.7100429535,6.3724055290,32.69
12.3060000000,27.7972755432,13.8904380798,6.0537853241,31.66
12.3160000000,30.3784523010,13.6198453903,7.0893011093,34.04
12.3260000000,28.5914840698,13.7100429535,6.6910257339,32.41
12.3360000000,28.5914840698,13.5296478271,7.3282661438,32.47
12.3450000000,28.9885883331,13.7100429535,7.1689558029,32.86
12.3550000000,29.1871395111,13.2590551376,6.4520606995,32.70
12.3650000000,28.5914840698,13.5296478271,6.6910257339,32.33
12.3750000000,28.5914840698,13.5296478271,6.3724055290,32.27
12.3850000000,27.7972755432,13.7100429535,6.5317158699,31.68
12.3950000000,28.3929328918,13.0786600113,6.4520606995,31.92
12.4050000000,28.1943798065,13.5296478271,6.5317158699,31.95
12.4140000000,29.3856925964,13.8904380798,6.3724055290,33.12
12.4240000000,28.5914840698,13.1688575745,6.6910257339,32.18
12.4340000000,28.7900371552,12.7178688049,5.8148202896,32.01
12.4440000000,29.1871395111,13.6198453903,6.6113710403,32.88
12.4540000000,27.4001731873,13.8904380798,6.6910257339,31.44
12.4640000000,27.9958286285,13.6198453903,5.9741301537,31.70
12.4730000000,29.7827968597,13.5296478271,6.0537853241,33.27
12.4830000000,29.3856925964,13.8904380798,6.3724055290,33.12
12.4930000000,28.3929328918,13.0786600113,6.7706809044,31.99
12.5030000000,28.9885883331,13.1688575745,6.5317158699,32.50
12.5130000000,27.7972755432,14.0708341599,6.2130956650,31.77
12.5230000000,27.9958286285,13.9806365967,6.1334404945,31.89
12.5320000000,29.7827968597,13.8904380798,6.8503355980,33.57
12.5420000000,28.9885883331,13.7100429535,6.6910257339,32.76
12.5520000000,28.7900371552,14.1610317230,7.0893011093,32.86
12.5620000000,28.1943798065,13.7100429535,6.8503355980,32.09
12.5720000000,28.5914840698,14.0708341599,6.5317158699,32.53
12.5820000000,28.1943798065,13.5296478271,6.3724055290,31.92
12.5920000000,29.9813480377,13.0786600113,6.4520606995,33.34
12.6010000000,29.3856925964,13.8904380798,7.1689558029,33.28
12.6110000000,28.3929328918,13.6198453903,6.2927503586,32.11
12.6210000000,29.5842437744,13.4394502640,6.2927503586,33.10
12.6310000000,26.4074115753,13.6198453903,7.4079213142,30.62
12.6410000000,27.4001731873,13.5296478271,6.2130956650,31.18
12.6510000000,28.5914840698,13.8904380798,6.6910257339,32.48
12.6610000000,28.7900371552,13.0786600113,7.4079213142,32.48
12.6700000000,29.5842437744,13.8002405167,6.2927503586,33.25
12.6800000000,28.1943798065,12.8080663681,6.8503355980,31.72
12.6900000000,28.7900371552,13.8002405167,6.6113710403,32.60
12.7000000000,29.1871395111,13.2590551376,6.2927503586,32.67
12.7100000000,29.7827968597,13.5296478271,6.6910257339,33.39
12.7200000000,27.7972755432,14.2512292862,7.0096459389,32.01
12.7290000000,26.6059646606,13.5296478271,6.3724055290,30.52
12.7390000000,27.5987243652,13.2590551376,6.1334404945,31.23
12.7490000000,28.7900371552,13.4394502640,6.2927503586,32.39
12.7590000000,29.3856925964,14.0708341599,6.8503355980,33.29
12.7690000000,29.3856925964,14.2512292862,6.6910257339,33.34
12.7790000000,27.7972755432,13.5296478271,6.5317158699,31.60
12.7890000000,27.7972755432,13.3492527008,6.5317158699,31.52
12.7980000000,28.5914840698,13.8904380798,6.6910257339,32.48
12.8080000000,28.1943798065,14.0708341599,6.5317158699,32.18
12.8180000000,29.1871395111,13.0786600113,7.2486109734,32.79
12.8280000000,28.7900371552,13.2590551376,6.2927503586,32.32
12.8380000000,27.9958286285,14.5218219757,5.4961996078,32.01
12.8480000000,30.3784523010,13.6198453903,6.2927503586,33.88
12.8570000000,29.7827968597,13.7100429535,6.0537853241,33.34
12.8670000000,27.5987243652,13.8002405167,6.4520606995,31.52
12.8770000000,28.7900371552,13.8002405167,6.2927503586,32.54
12.8870000000,27.5987243652,13.6198453903,7.2486109734,31.62
12.8970000000,28.9885883331,13.1688575745,6.3724055290,32.47
12.9070000000,29.5842437744,13.8002405167,6.2927503586,33.25
12.9170000000,28.7900371552,13.8002405167,7.0893011093,32.70
12.9260000000,27.2016201019,13.6198453903,6.9299907684,31.20
12.9360000000,29.3856925964,13.5296478271,6.3724055290,32.97
12.9460000000,28.9885883331,13.7100429535,7.0096459389,32.82
12.9560000000,28.3929328918,13.2590551376,7.4079213142,32.20
12.9660000000,29.1871395111,13.9806365967,6.9299907684,33.10
12.9750000000,28.5914840698,13.3492527008,6.6910257339,32.26
12.9860000000,29.7827968597,13.5296478271,6.3724055290,33.33
12.9950000000,28.5914840698,14.2512292862,6.6910257339,32.64
13.0050000000,28.9885883331,13.7100429535,6.2130956650,32.66
13.0150000000,28.7900371552,13.8002405167,6.6113710403,32.60
13.0250000000,29.9813480377,13.8002405167,5.9741301537,33.54
13.0350000000,29.9813480377,13.8002405167,6.9299907684,33.72
13.0450000000,28.3929328918,13.2590551376,6.4520606995,31.99
13.0540000000,28.9885883331,14.0708341599,6.3724055290,32.85
13.0640000000,29.9813480377,13.8002405167,5.9741301537,33.54
13.0740000000,30.5770034790,13.5296478271,6.6910257339,34.10
13.0840000000,28.1943798065,14.0708341599,6.2130956650,32.12
13.0940000000,29.3856925964,13.8904380798,6.5317158699,33.15
13.1030000000,28.5914840698,13.8904380798,6.0537853241,32.36
13.1130000000,27.7972755432,14.2512292862,6.2130956650,31.85
13.1230000000,28.3929328918,14.1610317230,5.8148202896,32.26
13.1330000000,29.7827968597,13.7100429535,6.5317158699,33.43
13.1430000000,28.7900371552,13.2590551376,6.7706809044,32.41
13.1530000000,27.9958286285,13.8002405167,6.6113710403,31.90
13.1630000000,28.3929328918,13.8002405167,6.4520606995,32.22
13.1720000000,29.3856925964,13.5296478271,6.5317158699,33.00
