time,x,y,z
43786,125,-313,-827
43796,125,-317,-829
43806,117,-321,-823
43815,137,-315,-827
43825,124,-320,-826
43835,118,-306,-832
43845,129,-323,-829
43855,126,-320,-822
43865,122,-310,-824
43875,128,-318,-828
43884,133,-313,-825
43894,124,-310,-828
43904,126,-312,-828
43914,132,-314,-832
43924,125,-315,-819
43934,127,-313,-823
43944,122,-316,-824
43953,124,-304,-830
43963,132,-312,-826
43973,123,-317,-825
43983,123,-315,-827
43993,126,-312,-822
44003,123,-319,-827
44013,121,-307,-821
44022,124,-310,-824
44032,124,-316,-828
44042,121,-315,-831
44052,121,-319,-831
44062,123,-309,-831
44072,125,-319,-831
44082,121,-317,-829
44091,127,-309,-827
44101,133,-317,-825
44111,125,-309,-829
44121,134,-312,-838
44131,133,-315,-827
44141,127,-313,-825
44151,129,-315,-831
44160,124,-314,-828
44170,120,-312,-826
44180,130,-316,-818
44190,125,-315,-827
44200,129,-319,-831
44210,116,-316,-822
44219,131,-307,-831
44229,130,-312,-830
44239,134,-314,-826
44249,122,-318,-828
44259,124,-308,-830
44269,121,-313,-825
44279,133,-321,-823
44288,118,-314,-826
44298,126,-316,-830
44308,127,-311,-823
44318,122,-320,-822
44328,133,-317,-817
44338,126,-316,-832
44348,129,-313,-823
44357,127,-313,-827
44367,128,-312,-824
44377,124,-316,-818
44387,125,-307,-823
44397,126,-312,-832
44407,129,-317,-819
44416,125,-321,-815
44426,126,-314,-826
44436,124,-314,-824
44446,124,-310,-824
44456,126,-318,-828
44466,133,-313,-825
44475,128,-318,-828
44485,123,-319,-829
44495,130,-310,-824
44505,127,-313,-823
44515,124,-312,-826
44525,121,-315,-829
44534,127,-313,-829
44544,120,-316,-826
44554,128,-310,-822
44564,120,-320,-820
44574,123,-311,-827
44584,123,-309,-819
44594,124,-312,-822
44603,122,-310,-822
44613,128,-314,-822
44623,125,-315,-823
44633,121,-315,-825
44643,128,-310,-828
44653,124,-314,-822
44663,115,-317,-829
44672,122,-322,-816
44682,127,-311,-825
44692,126,-308,-822
44702,130,-312,-822
44712,125,-315,-825
44722,126,-308,-826
44732,126,-310,-826
44742,125,-311,-831
44751,126,-312,-826
44761,128,-314,-830
44771,124,-316,-822
44781,120,-310,-826
44791,133,-313,-825
44801,117,-317,-825
44811,126,-314,-818
44820,130,-314,-824
44830,121,-311,-833
44840,122,-312,-826
44850,125,-315,-823
44860,122,-314,-826
44870,112,-316,-824
44880,125,-323,-827
44889,125,-317,-813
44899,125,-309,-823
44909,131,-315,-827
44919,130,-312,-826
44929,125,-313,-819
44939,124,-318,-822
44949,129,-311,-821
44958,129,-305,-827
44968,124,-316,-826
44978,123,-315,-821
44988,122,-312,-828
44998,124,-312,-826
45008,123,-317,-827
45018,122,-310,-832
45027,124,-314,-822
45037,121,-313,-827
45047,135,-315,-833
45057,122,-314,-818
45067,128,-312,-830
45077,128,-310,-826
45086,120,-312,-824
45096,122,-306,-822
45106,126,-310,-824
45116,121,-321,-823
45126,124,-314,-828
45136,124,-316,-824
45145,135,-317,-827
45155,129,-317,-829
45165,123,-319,-823
45175,121,-323,-827
45185,130,-308,-832
45195,130,-312,-822
45205,131,-319,-825
45214,118,-310,-826
45224,126,-304,-826
45234,123,-313,-817
45244,117,-315,-829
45254,119,-311,-831
45264,126,-316,-824
45273,125,-305,-821
45283,126,-312,-826
45293,121,-323,-835
45303,126,-318,-828
45313,122,-310,-834
45323,130,-314,-824
45333,134,-316,-822
45343,127,-315,-833
45352,119,-313,-825
45362,120,-316,-826
45372,128,-312,-830
45382,132,-310,-834
45392,119,-309,-825
45402,125,-315,-829
45412,127,-315,-823
45421,134,-316,-830
45431,123,-311,-831
45441,134,-318,-830
45451,122,-324,-826
45461,132,-310,-836
45471,123,-319,-821
45481,119,-315,-825
45490,128,-312,-822
45500,125,-319,-823
45510,130,-314,-820
45520,125,-313,-827
45530,119,-321,-827
45540,117,-313,-825
45550,122,-320,-826
45559,124,-316,-826
45569,129,-317,-823
45579,126,-314,-822
45589,128,-314,-822
45599,123,-311,-827
45609,121,-313,-827
45619,129,-317,-825
45628,122,-328,-822
45638,125,-319,-827
45648,127,-315,-829
45658,131,-315,-829
45668,123,-311,-817
45678,126,-310,-828
45688,126,-324,-824
45697,132,-310,-826
45707,127,-309,-825
45717,120,-316,-824
45727,126,-316,-820
45737,126,-308,-816
45747,123,-317,-833
45757,121,-317,-825
45766,124,-318,-824
45776,129,-317,-831
45786,125,-319,-827
45796,134,-310,-830
45806,127,-309,-821
45816,123,-317,-825
45825,126,-314,-834
45835,133,-313,-825
45845,119,-317,-821
45855,127,-315,-825
45865,129,-311,-831
45875,129,-311,-827
45884,124,-312,-826
45894,119,-321,-823
45904,126,-320,-822
45914,125,-315,-827
45924,127,-319,-825
45934,124,-314,-826
45944,123,-317,-835
45953,123,-311,-825
45963,125,-309,-821
45973,135,-311,-829
45983,125,-307,-823
45993,127,-319,-821
46003,127,-317,-829
46012,126,-316,-828
46022,132,-318,-822
46032,130,-312,-824
46042,124,-310,-822
46052,121,-315,-829
46062,122,-312,-822
46072,126,-318,-824
46081,124,-314,-826
46091,127,-319,-827
46101,121,-313,-827
46111,121,-307,-831
46121,122,-318,-828
46131,129,-315,-821
46141,126,-320,-812
46151,121,-319,-831
46160,116,-318,-830
46170,121,-317,-825
46180,127,-311,-829
46190,122,-312,-832
46200,123,-317,-827
46210,120,-314,-826
46219,117,-311,-829
46229,119,-311,-827
46239,124,-318,-830
46249,124,-318,-824
46259,121,-315,-825
46269,131,-315,-831
46279,119,-311,-823
46289,127,-321,-829
46298,125,-311,-835
46308,127,-321,-831
46318,118,-312,-822
46328,124,-304,-822
46338,124,-314,-822
46348,129,-311,-833
46358,130,-314,-822
46367,120,-314,-824
46377,126,-316,-830
46387,129,-319,-829
46397,119,-317,-825
46407,131,-315,-827
46417,125,-319,-825
46427,126,-310,-828
46436,121,-307,-829
46446,127,-311,-825
46456,126,-312,-826
46466,125,-319,-825
46476,123,-313,-829
46486,129,-313,-831
46496,115,-315,-821
46505,122,-314,-828
46515,129,-319,-831
46525,119,-315,-831
46535,127,-315,-827
46545,126,-312,-828
46555,124,-312,-834
46564,117,-313,-825
46574,127,-319,-825
46584,126,-316,-830
46594,123,-321,-827
46604,122,-318,-830
46614,124,-312,-822
46624,125,-319,-825
46633,124,-318,-822
46643,126,-316,-820
46653,126,-322,-824
46663,132,-312,-826
46673,125,-319,-821
46683,123,-321,-827
46693,119,-315,-823
46702,122,-318,-826
46712,120,-316,-824
46722,125,-313,-829
46732,121,-311,-827
46742,125,-315,-821
46752,122,-322,-826
46761,130,-306,-822
46771,125,-319,-821
46781,126,-316,-824
46791,127,-313,-831
46801,121,-313,-819
46811,127,-313,-827
46820,117,-315,-815
46830,118,-316,-830
46840,118,-310,-820
46850,127,-313,-819
46860,127,-315,-827
46870,122,-314,-828
46880,124,-318,-828
46889,127,-311,-831
46899,128,-318,-828
46909,125,-315,-831
46919,123,-309,-819
46929,124,-314,-822
46939,131,-311,-831
46949,125,-311,-821
46958,127,-309,-827
46968,126,-314,-822
46978,124,-312,-826
46988,119,-319,-825
46998,119,-313,-825
47008,121,-319,-829
47018,123,-321,-833
47027,125,-311,-829
47037,120,-308,-824
47047,123,-315,-827
47057,123,-307,-823
47067,119,-313,-825
47077,124,-314,-826
47087,127,-315,-829
47096,120,-314,-822
47106,123,-317,-825
47116,132,-312,-818
47126,125,-317,-825
47136,121,-311,-821
47146,125,-313,-829
47156,124,-316,-822
47165,131,-317,-827
47175,137,-307,-837
47185,122,-318,-826
47195,128,-316,-822
47205,122,-314,-824
47215,116,-316,-830
47225,126,-316,-824
47235,129,-311,-829
47244,120,-316,-820
47254,129,-315,-823
47264,125,-309,-821
47274,117,-317,-831
47284,131,-315,-831
47294,128,-314,-826
47304,123,-317,-831
47313,125,-317,-825
47323,128,-320,-834
47333,128,-308,-830
47343,125,-313,-829
47353,128,-322,-828
47363,123,-321,-819
47373,128,-316,-826
47382,120,-316,-834
47392,122,-314,-822
47402,124,-314,-822
47412,127,-311,-829
47422,125,-313,-825
47432,116,-310,-816
47442,127,-315,-821
47452,132,-318,-830
47461,124,-322,-824
47471,117,-309,-829
47481,121,-317,-823
47491,120,-320,-820
47501,127,-319,-829
47511,130,-314,-824
47520,124,-316,-824
47530,121,-311,-827
47540,129,-319,-821
47550,132,-316,-832
47560,119,-315,-831
47570,130,-310,-824
47580,126,-316,-822
47589,131,-317,-823
47599,126,-310,-830
47609,122,-318,-828
47619,133,-321,-819
47629,124,-316,-822
47639,126,-316,-824
47648,125,-311,-831
47658,117,-313,-825
47668,131,-317,-827
47678,131,-317,-825
47688,122,-318,-826
47698,129,-311,-823
47707,134,-320,-824
47717,120,-310,-826
47727,126,-312,-832
47737,121,-317,-819
47747,129,-313,-831
47757,128,-310,-828
47767,125,-311,-825
47776,129,-303,-823
47786,121,-315,-823
47796,119,-323,-825
47806,120,-308,-828
47816,124,-316,-828
47826,120,-318,-822
47836,127,-319,-827
47846,127,-313,-825
47855,127,-321,-827
47865,127,-313,-823
47875,135,-317,-827
47885,124,-316,-820
47895,117,-309,-823
47905,124,-310,-828
47915,125,-313,-825
47924,127,-315,-835
47934,131,-313,-821
47944,128,-308,-834
47954,122,-318,-830
47964,121,-311,-821
47974,122,-318,-832
47984,130,-310,-832
47994,124,-314,-830
48003,124,-314,-828
48013,121,-313,-825
48023,116,-312,-832
48033,118,-312,-824
48043,132,-310,-826
48053,122,-312,-828
48062,118,-314,-816
48072,122,-318,-824
48082,125,-319,-825
48092,118,-312,-828
48102,128,-314,-826
48112,121,-311,-831
48121,127,-321,-823
48131,123,-317,-821
48141,123,-319,-831
48151,127,-311,-825
48161,124,-314,-826
48171,119,-319,-827
48181,121,-315,-831
48190,117,-313,-823
48200,121,-309,-819
48210,119,-317,-823
48220,115,-313,-831
48230,126,-318,-826
48240,126,-318,-826
48249,119,-309,-835
48259,125,-311,-819
48269,125,-315,-825
48279,122,-318,-826
48289,130,-312,-834
48299,117,-313,-819
48308,121,-319,-821
48318,122,-310,-828
48328,120,-316,-826
48338,117,-309,-829
48348,129,-309,-829
48358,128,-318,-826
48368,125,-315,-827
48378,128,-316,-820
48387,133,-317,-829
48397,124,-308,-834
48407,123,-323,-825
48417,122,-312,-822
48427,123,-307,-821
48437,126,-314,-822
48447,125,-325,-827
48456,124,-318,-824
48466,120,-312,-820
48476,126,-312,-828
48486,122,-318,-830
48496,126,-316,-826
48506,122,-308,-828
48516,118,-314,-826
48525,117,-319,-829
48535,126,-314,-822
48545,126,-318,-822
48555,125,-311,-823
48565,129,-309,-823
48575,128,-314,-832
48585,127,-307,-823
48595,124,-318,-828
48604,116,-318,-814
48614,119,-307,-825
48624,118,-320,-832
48634,122,-316,-824
48644,121,-315,-819
48654,127,-319,-823
48664,120,-316,-828
48673,119,-313,-823
48683,125,-311,-821
48693,130,-316,-826
48703,124,-326,-820
48713,137,-313,-825
48723,121,-321,-831
48732,131,-313,-827
48742,133,-319,-825
48752,127,-321,-831
48762,125,-313,-827
48772,129,-315,-827
48782,129,-317,-829
48791,125,-313,-825
48801,123,-323,-829
48811,117,-313,-825
48821,122,-314,-816
48831,131,-313,-823
48841,122,-316,-824
48850,123,-317,-831
48860,120,-314,-828
48870,129,-315,-825
48880,124,-318,-824
48890,114,-318,-828
48900,125,-321,-825
48910,126,-316,-820
48919,128,-312,-822
48929,128,-312,-828
48939,126,-314,-824
48949,129,-311,-827
48959,127,-309,-821
48969,125,-309,-823
48979,132,-320,-828
48988,119,-311,-829
48998,128,-316,-836
49008,130,-318,-824
49018,127,-317,-823
49028,122,-312,-816
49038,120,-312,-816
49048,128,-320,-830
49058,121,-323,-821
49067,128,-312,-822
49077,128,-312,-818
49087,121,-313,-823
49097,128,-328,-832
49107,124,-310,-826
49117,132,-304,-832
49127,123,-317,-823
49136,128,-318,-826
49146,117,-313,-815
49156,122,-314,-822
49166,122,-310,-828
49176,129,-317,-829
49186,131,-313,-823
49196,127,-315,-829
49205,129,-317,-829
49215,125,-319,-821
49225,122,-308,-822
49235,118,-314,-830
49245,131,-313,-831
49255,126,-326,-822
49265,127,-315,-831
49275,126,-312,-832
49284,127,-319,-821
49294,131,-313,-823
49304,126,-314,-826
49314,116,-308,-818
49324,122,-314,-828
49334,123,-319,-823
49344,131,-315,-823
49353,121,-313,-827
49363,124,-314,-824
49373,127,-313,-817
49383,122,-318,-828
49393,118,-316,-826
49403,125,-315,-819
49413,130,-314,-828
49422,121,-315,-817
49432,124,-314,-828
49442,130,-316,-828
49452,125,-317,-825
49462,130,-312,-832
49472,123,-313,-829
49481,127,-317,-823
49491,128,-306,-824
49501,132,-316,-820
49511,120,-316,-822
49521,127,-315,-819
49531,128,-320,-820
49541,122,-316,-822
49550,127,-315,-821
49560,123,-317,-833
49570,121,-315,-835
49580,128,-314,-828
49590,123,-313,-827
49600,126,-322,-814
49610,126,-312,-818
49619,129,-313,-823
49629,123,-311,-817
49639,115,-321,-821
49649,122,-308,-826
49659,121,-315,-821
49669,126,-316,-826
49678,118,-312,-822
49688,117,-313,-825
49698,125,-313,-831
49708,130,-314,-820
49718,126,-318,-828
49728,130,-318,-828
49738,124,-312,-822
49747,127,-311,-833
49757,122,-310,-828
49767,126,-310,-830
49777,127,-311,-829
49787,124,-316,-830
49797,122,-318,-822
49806,121,-321,-827
49816,130,-316,-834
49826,122,-308,-832
49836,126,-310,-824
49846,128,-316,-822
49856,118,-310,-830
49866,130,-314,-826
49875,125,-317,-823
49885,124,-320,-820
49895,127,-317,-825
49905,125,-313,-813
49915,128,-316,-828
49925,131,-319,-833
49935,125,-311,-821
49944,121,-311,-825
49954,123,-311,-825
49964,131,-313,-827
49974,134,-304,-822
49984,125,-315,-823
49994,121,-315,-817
50004,123,-323,-821
50013,138,-312,-830
50023,125,-311,-819
50033,125,-319,-831
50043,129,-313,-825
50053,129,-317,-823
50063,122,-312,-824
50073,117,-321,-823
50082,127,-317,-823
50092,122,-318,-828
50102,125,-315,-833
50112,125,-315,-827
50122,125,-311,-827
50132,119,-311,-821
50142,122,-320,-822
50151,130,-312,-832
50161,119,-325,-829
50171,124,-312,-820
50181,130,-312,-826
50191,125,-315,-831
50201,124,-310,-820
50211,126,-318,-820
50221,130,-322,-822
50230,125,-315,-831
50240,132,-316,-828
50250,126,-310,-826
50260,126,-322,-830
50270,126,-318,-816
50280,133,-309,-829
50290,124,-310,-830
50299,129,-311,-831
50309,127,-313,-821
50319,125,-313,-823
50329,128,-314,-818
50339,124,-314,-830
50349,131,-311,-821
50359,123,-321,-823
50368,127,-311,-823
50378,128,-318,-822
50388,128,-312,-820
50398,122,-316,-822
50408,123,-317,-823
50418,128,-314,-822
50428,124,-308,-826
50437,125,-313,-819
50447,123,-319,-825
50457,127,-307,-837
50467,126,-318,-824
50477,125,-311,-833
50487,124,-316,-824
50497,126,-314,-830
50506,125,-319,-827
50516,128,-310,-822
50526,129,-317,-831
50536,121,-317,-821
50546,126,-310,-822
50556,124,-314,-830
50565,123,-313,-829
50575,128,-318,-828
50585,125,-315,-821
50595,134,-314,-832
50605,130,-310,-828
50615,126,-318,-824
50625,125,-317,-829
50634,114,-320,-820
50644,134,-306,-824
50654,124,-318,-824
50664,130,-320,-820
50674,119,-309,-821
50684,123,-317,-825
50693,129,-317,-819
50703,126,-312,-822
50713,132,-316,-830
50723,128,-316,-818
50733,130,-310,-828
50743,128,-316,-824
50753,124,-314,-824
50762,127,-319,-825
50772,128,-312,-828
50782,119,-309,-821
50792,126,-318,-828
50802,122,-314,-832
50812,119,-317,-821
50821,124,-314,-822
50831,121,-317,-833
50841,120,-316,-826
50851,128,-318,-820
50861,132,-312,-820
50871,128,-312,-820
50881,127,-315,-831
50890,132,-316,-824
50900,122,-324,-828
50910,116,-312,-826
50920,127,-317,-827
50930,121,-329,-821
50940,130,-312,-830
50950,123,-315,-823
50959,122,-314,-820
50969,123,-323,-823
50979,129,-307,-827
50989,120,-316,-830
50999,132,-312,-824
51009,130,-318,-828
51019,120,-310,-822
51028,132,-320,-828
51038,129,-315,-825
51048,126,-322,-830
51058,122,-312,-824
51068,123,-315,-833
51078,122,-308,-830
51088,124,-316,-826
51098,125,-311,-829
51107,125,-315,-823
51117,125,-315,-835
51127,125,-315,-825
51137,126,-312,-830
51147,124,-318,-828
51157,120,-318,-826
51167,121,-313,-827
51176,122,-314,-828
51186,124,-314,-824
51196,130,-312,-822
51206,112,-304,-822
51216,123,-317,-825
51226,128,-314,-824
51236,129,-317,-825
51245,132,-318,-824
51255,122,-312,-822
51265,136,-310,-832
51275,118,-314,-822
51285,126,-318,-832
51295,130,-306,-822
51305,124,-314,-818
51314,124,-320,-820
51324,124,-314,-824
51334,124,-326,-824
51344,130,-316,-828
51354,134,-318,-818
51364,130,-314,-822
51374,118,-320,-822
51383,125,-315,-823
51393,127,-323,-827
51403,125,-309,-823
51413,124,-314,-818
51423,124,-320,-824
51433,126,-316,-826
51443,120,-316,-826
51452,124,-308,-830
51462,132,-314,-818
51472,124,-320,-818
51482,124,-312,-830
51492,125,-313,-831
51502,119,-311,-825
51512,122,-314,-828
51521,138,-312,-834
51531,126,-312,-830
51541,119,-323,-825
51551,127,-315,-829
51561,121,-317,-821
51571,127,-317,-827
51580,132,-312,-830
51590,121,-315,-827
51600,127,-311,-825
51610,116,-314,-826
51620,120,-314,-836
51630,122,-316,-820
51640,124,-320,-828
51649,124,-314,-818
51659,129,-317,-829
51669,127,-311,-825
51679,122,-316,-824
51689,118,-316,-830
51699,126,-324,-830
51708,127,-321,-829
51718,126,-316,-828
51728,127,-317,-825
51738,121,-311,-827
51748,130,-308,-826
51758,128,-306,-822
51768,123,-317,-829
51777,122,-318,-824
51787,123,-313,-825
51797,121,-313,-817
51807,125,-311,-829
51817,126,-312,-822
51827,122,-312,-824
51836,127,-317,-823
51846,121,-321,-819
51856,127,-309,-823
51866,121,-315,-823
51876,126,-322,-824
51886,127,-315,-823
51896,128,-310,-826
51905,125,-317,-821
51915,124,-316,-826
51925,124,-310,-822
51935,119,-317,-823
51945,128,-314,-822
51955,128,-314,-830
51965,127,-317,-825
51974,118,-306,-824
51984,128,-310,-822
51994,123,-305,-829
52004,130,-314,-822
52014,130,-312,-824
52024,129,-309,-823
52034,134,-316,-828
52043,129,-323,-827
52053,126,-318,-826
52063,126,-314,-828
52073,122,-322,-820
52083,120,-322,-830
52093,128,-318,-824
52103,126,-312,-834
52113,124,-312,-828
52122,122,-318,-830
52132,132,-310,-832
52142,121,-311,-829
52152,121,-315,-821
52162,122,-314,-822
52172,121,-311,-829
52181,135,-311,-837
52191,127,-311,-825
52201,130,-314,-824
52211,126,-310,-824
52221,120,-314,-822
52231,122,-316,-828
52241,123,-317,-831
52251,117,-313,-829
52260,125,-321,-825
52270,140,-306,-822
52280,126,-306,-830
52290,129,-317,-817
52300,124,-316,-828
52310,128,-312,-830
52320,125,-317,-827
52329,125,-315,-829
52339,125,-317,-827
52349,122,-320,-826
52359,122,-308,-818
52369,135,-315,-825
52379,125,-317,-829
52389,120,-310,-818
52398,124,-312,-826
52408,119,-315,-823
52418,120,-314,-824
52428,127,-315,-821
52438,125,-323,-823
52448,121,-309,-833
52458,130,-324,-830
52467,125,-321,-823
52477,118,-310,-828
52487,127,-317,-823
52497,119,-311,-827
52507,122,-312,-828
52517,128,-316,-828
52526,125,-317,-831
52536,127,-317,-823
52546,129,-317,-821
52556,119,-311,-823
52566,121,-313,-821
52576,122,-314,-828
52586,124,-314,-830
52595,117,-315,-827
52605,126,-308,-826
52615,118,-320,-830
52625,120,-310,-822
52635,128,-318,-824
52645,129,-311,-825
52654,123,-313,-825
52664,125,-317,-823
52674,122,-324,-822
52684,123,-317,-819
52694,118,-318,-826
52704,127,-313,-827
52714,125,-313,-827
52723,129,-317,-825
52733,126,-310,-824
52743,127,-311,-829
52753,121,-315,-821
52763,126,-314,-826
52773,126,-312,-822
52783,123,-313,-831
52792,127,-313,-819
52802,127,-317,-823
52812,134,-312,-824
52822,129,-325,-823
52832,112,-310,-826
52842,127,-319,-831
52851,119,-319,-817
52861,130,-318,-826
52871,121,-315,-819
52881,129,-313,-823
52891,131,-317,-829
52901,125,-315,-827
52911,123,-311,-829
52920,126,-324,-826
52930,119,-313,-825
52940,123,-321,-819
52950,123,-315,-817
52960,121,-307,-829
52970,120,-312,-828
52980,127,-317,-829
52989,128,-314,-832
52999,124,-310,-822
53009,121,-311,-827
53019,123,-309,-825
53029,127,-317,-827
53039,125,-315,-819
53049,130,-312,-820
53058,122,-320,-832
53068,118,-312,-820
53078,118,-312,-832
53088,134,-308,-826
53098,128,-318,-830
53108,120,-322,-830
53118,131,-321,-829
53128,131,-313,-825
53137,122,-318,-832
53147,123,-311,-821
53157,123,-315,-831
53167,121,-317,-827
53177,129,-311,-815
53187,118,-312,-826
53197,121,-321,-819
53206,129,-307,-829
53216,119,-319,-823
53226,125,-307,-825
53236,130,-316,-824
53246,126,-312,-822
53256,126,-314,-822
53266,122,-318,-824
53276,126,-310,-828
53285,123,-321,-819
53295,123,-311,-823
53305,122,-318,-824
53315,127,-321,-825
53325,116,-316,-832
53335,124,-318,-824
53345,120,-316,-824
53354,125,-313,-825
53364,116,-314,-820
53374,133,-321,-825
53384,124,-310,-830
53394,127,-319,-827
53404,129,-319,-825
53413,128,-314,-832
53423,124,-318,-828
53433,120,-316,-828
53443,120,-322,-824
53453,118,-308,-822
53463,127,-311,-821
53473,132,-324,-828
53482,124,-322,-826
53492,114,-318,-824
53502,125,-315,-819
53512,127,-315,-825
53522,126,-318,-828
53532,125,-315,-823
53542,118,-324,-834
53551,122,-318,-828
53561,125,-317,-827
53571,124,-312,-824
53581,126,-308,-826
53591,120,-318,-818
53601,122,-312,-814
53610,122,-318,-826
53620,126,-324,-828
53630,124,-314,-826
53640,121,-319,-825
53650,127,-319,-823
53660,130,-316,-824
53669,129,-317,-829
53679,129,-315,-829
53689,115,-307,-821
53699,121,-321,-827
53709,131,-313,-833
53719,125,-315,-831
53729,128,-306,-824
53738,128,-320,-828
53748,130,-308,-818
53758,128,-316,-830
53768,122,-322,-822
53778,129,-317,-827
53788,119,-309,-821
53798,122,-318,-822
53807,124,-314,-826
53817,130,-316,-826
53827,124,-310,-828
53837,124,-318,-828
53847,122,-312,-822
53857,123,-321,-825
53867,129,-313,-821
53876,128,-308,-824
53886,126,-324,-820
53896,120,-310,-826
53906,124,-312,-820
53916,128,-310,-826
53926,130,-314,-826
53936,128,-312,-826
53945,118,-312,-826
53955,130,-314,-822
53965,122,-306,-824
53975,128,-314,-826
53985,123,-313,-825
53995,125,-317,-823
54005,125,-313,-831
54014,131,-315,-819
54024,122,-320,-836
54034,119,-307,-833
54044,117,-313,-817
54054,117,-307,-817
54064,129,-311,-823
54074,128,-318,-822
54084,128,-314,-822
54093,122,-310,-824
54103,123,-313,-825
54113,128,-316,-832
54123,127,-309,-831
54133,128,-314,-828
54143,128,-320,-828
54153,131,-317,-833
54162,127,-313,-823
54172,130,-316,-826
54182,120,-310,-822
54192,132,-312,-832
54202,126,-310,-824
54212,125,-317,-821
54222,120,-318,-824
54231,130,-304,-824
54241,125,-311,-831
54251,123,-313,-823
54261,128,-316,-824
54271,127,-323,-825
54281,114,-318,-824
54291,125,-315,-821
54300,118,-310,-822
54310,121,-319,-829
54320,129,-313,-831
54330,130,-314,-816
54340,119,-313,-823
54350,123,-319,-829
54359,125,-313,-829
54369,123,-313,-831
54379,123,-313,-825
54389,122,-310,-828
54399,125,-315,-825
54409,122,-316,-826
54419,128,-322,-826
54428,129,-307,-829
54438,125,-315,-823
54448,124,-322,-824
54458,126,-316,-822
54468,120,-320,-828
54478,127,-315,-831
54488,132,-314,-830
54497,118,-308,-824
54507,132,-312,-824
54517,122,-316,-822
54527,124,-320,-816
54537,126,-312,-828
54547,124,-314,-824
54556,125,-311,-829
54566,133,-317,-829
54576,127,-317,-823
54586,125,-311,-827
54596,129,-307,-825
54606,132,-306,-822
54616,125,-311,-815
54625,127,-315,-835
54635,124,-314,-824
54645,129,-313,-825
54655,125,-315,-821
54665,122,-312,-826
54675,126,-316,-828
54684,126,-322,-822
54694,126,-312,-834
54704,119,-311,-831
54714,127,-319,-823
54724,123,-311,-825
54734,126,-314,-828
54744,121,-315,-825
54754,130,-316,-832
54763,127,-319,-829
54773,117,-317,-827
54783,120,-316,-818
54793,124,-316,-822
54803,119,-309,-829
54813,122,-306,-822
54823,125,-317,-823
54832,118,-318,-822
54842,129,-315,-831
54852,131,-311,-823
54862,128,-316,-820
54872,122,-320,-828
54882,124,-326,-830
54892,126,-314,-826
54901,125,-313,-821
54911,124,-314,-830
54921,123,-315,-821
54931,128,-314,-824
54941,125,-313,-821
54951,119,-321,-823
54961,124,-316,-826
54971,130,-308,-820
54980,123,-313,-831
54990,129,-317,-823
55000,125,-311,-827
55010,126,-314,-830
55020,122,-318,-828
55030,124,-310,-826
55040,124,-314,-826
55049,124,-320,-822
55059,119,-319,-825
55069,124,-310,-824
55079,119,-319,-821
55089,126,-312,-830
55099,124,-314,-822
55109,129,-315,-821
55118,121,-317,-827
55128,125,-311,-817
55138,128,-312,-822
55148,126,-308,-826
55158,120,-312,-832
55168,123,-309,-827
55178,125,-313,-829
55188,120,-316,-826
55197,118,-322,-832
55207,128,-314,-826
55217,121,-321,-821
55227,129,-321,-817
55237,131,-315,-821
55246,125,-313,-821
55256,120,-318,-828
55266,125,-311,-823
55276,124,-314,-824
55286,123,-309,-829
55296,123,-313,-821
55306,128,-312,-832
55315,121,-321,-823
55325,128,-316,-822
55335,124,-310,-830
55345,127,-309,-825
55355,125,-317,-827
55365,118,-320,-822
55375,123,-317,-825
55384,127,-311,-825
55394,129,-323,-819
55404,129,-311,-825
55414,125,-313,-833
55424,126,-316,-820
55434,123,-313,-823
55444,125,-309,-827
55453,126,-320,-830
55463,122,-316,-828
55473,124,-316,-822
55483,120,-312,-828
55493,125,-315,-823
55503,131,-317,-827
55512,132,-318,-828
55522,122,-318,-826
55532,127,-311,-825
55542,123,-309,-821
55552,124,-312,-828
55562,122,-312,-828
55572,127,-313,-817
55581,123,-319,-827
55591,129,-309,-827
55601,128,-304,-832
55611,125,-311,-825
55621,131,-313,-823
55631,122,-314,-830
55641,135,-311,-823
55650,125,-313,-823
55660,130,-320,-832
55670,135,-313,-825
55680,123,-307,-819
55690,128,-312,-824
55700,124,-320,-826
55710,128,-324,-824
55719,119,-313,-823
55729,127,-307,-819
55739,123,-315,-821
55749,129,-313,-829
55759,123,-315,-821
55769,123,-321,-825
55779,131,-311,-825
55788,119,-313,-827
55798,120,-318,-830
55808,121,-311,-815
55818,131,-321,-827
55828,130,-314,-824
55838,123,-315,-823
55848,128,-318,-832
55857,126,-310,-826
55867,118,-322,-828
55877,129,-313,-831
55887,124,-314,-822
55897,124,-308,-828
55907,126,-314,-814
55917,126,-314,-830
55926,127,-317,-831
55936,127,-315,-829
55946,122,-316,-818
55956,127,-317,-815
55966,125,-313,-827
55976,130,-316,-828
55986,120,-318,-828
55996,120,-312,-818
56005,125,-313,-827
56015,123,-309,-825
56025,132,-312,-828
56035,127,-317,-827
56045,126,-312,-830
56055,124,-312,-826
56065,124,-310,-832
56074,126,-320,-824
56084,131,-317,-823
56094,127,-311,-823
56104,122,-312,-826
56114,123,-319,-827
56124,126,-320,-828
56134,132,-308,-818
56144,122,-322,-830
56153,122,-316,-826
56163,127,-319,-825
56173,128,-312,-826
56183,125,-323,-823
56193,127,-317,-827
56203,127,-317,-821
56212,132,-312,-826
56222,129,-319,-825
56232,126,-320,-822
56242,129,-311,-825
56252,119,-305,-821
56262,125,-315,-817
56271,128,-324,-822
56281,123,-309,-821
56291,122,-312,-828
56301,125,-317,-835
56311,130,-314,-830
56321,121,-315,-829
56330,128,-316,-822
56340,128,-314,-830
56350,121,-319,-829
56360,126,-312,-822
56370,125,-319,-829
56380,129,-311,-829
56390,133,-313,-825
56399,131,-315,-829
56409,130,-318,-828
56419,127,-311,-831
56429,126,-314,-832
56439,127,-319,-823
56449,128,-316,-824
56459,126,-314,-818
56469,126,-318,-828
56478,120,-310,-828
56488,119,-325,-821
56498,128,-312,-828
56508,127,-305,-825
56518,128,-318,-828
56528,125,-309,-829
56538,125,-313,-827
56547,127,-317,-825
56557,127,-315,-821
56567,126,-314,-828
56577,127,-317,-831
56587,110,-316,-828
56597,126,-316,-820
56607,128,-318,-826
56616,124,-314,-824
56626,135,-311,-821
56636,126,-322,-826
56646,124,-320,-830
56656,122,-320,-826
56666,127,-317,-823
56676,122,-312,-822
56685,123,-317,-825
56695,120,-322,-822
56705,124,-322,-818
56715,121,-309,-819
56725,120,-318,-828
56735,125,-313,-823
56745,123,-317,-825
56754,119,-309,-827
56764,129,-313,-825
56774,119,-313,-825
56784,127,-297,-823
56794,126,-324,-814
56804,120,-310,-828
56813,121,-313,-833
56823,123,-309,-825
56833,126,-316,-828
56843,130,-310,-830
56853,128,-316,-826
56863,126,-312,-820
56873,133,-311,-829
56882,131,-309,-827
56892,127,-315,-821
56902,126,-318,-818
56912,127,-305,-821
56922,128,-310,-822
56932,126,-316,-822
56941,132,-316,-820
56951,132,-308,-834
56961,120,-312,-826
56971,126,-318,-822
56981,128,-310,-822
56991,133,-323,-821
57000,128,-310,-828
57010,128,-314,-824
57020,126,-318,-830
57030,118,-312,-830
57040,124,-314,-830
57050,124,-316,-818
57060,133,-311,-829
57070,128,-310,-828
57079,126,-320,-832
57089,123,-319,-827
57099,128,-310,-818
57109,124,-316,-822
57119,125,-315,-825
57129,118,-316,-830
57139,125,-321,-819
57148,126,-314,-814
57158,125,-317,-823
57168,123,-321,-829
57178,131,-321,-823
57188,129,-311,-831
57198,127,-315,-823
57208,123,-313,-819
57217,124,-314,-832
57227,132,-316,-826
57237,126,-318,-822
57247,119,-315,-827
57257,130,-308,-822
57267,132,-324,-832
57277,120,-320,-830
57286,132,-312,-824
57296,126,-310,-830
57306,122,-316,-822
57316,133,-311,-829
57326,127,-313,-825
57336,132,-308,-816
57346,126,-320,-832
57355,123,-319,-829
57365,128,-310,-826
57375,124,-314,-832
57385,121,-315,-817
57395,125,-315,-825
57405,127,-319,-821
57415,126,-314,-832
57425,125,-313,-825
57434,128,-314,-824
57444,126,-314,-826
57454,125,-315,-827
57464,125,-315,-827
57474,127,-321,-825
57484,127,-309,-823
57494,128,-310,-822
57503,135,-311,-825
57513,125,-313,-827
57523,131,-323,-827
57533,127,-317,-819
57543,133,-307,-831
57553,128,-312,-822
57563,125,-321,-827
57572,131,-317,-825
57582,124,-314,-828
57592,126,-316,-820
57602,128,-318,-826
57612,130,-318,-822
57622,127,-313,-825
57631,130,-314,-818
57641,129,-315,-825
57651,131,-321,-825
57661,125,-309,-823
57671,131,-309,-831
57681,122,-312,-824
57691,130,-318,-822
57700,131,-309,-825
57710,127,-311,-823
57720,129,-315,-821
57730,132,-312,-830
57740,130,-318,-816
57750,128,-316,-826
57760,129,-317,-815
57769,123,-319,-821
57779,122,-316,-820
57789,127,-311,-823
57799,125,-313,-821
57809,130,-316,-820
57819,126,-316,-832
57829,126,-320,-824
57839,122,-318,-822
57848,125,-311,-823
57858,124,-320,-822
57868,117,-327,-823
57878,128,-310,-826
57888,128,-310,-826
57898,124,-324,-824
57907,130,-318,-830
57917,122,-320,-830
57927,118,-316,-820
57937,123,-313,-823
57947,126,-320,-824
57957,127,-313,-823
57967,125,-317,-823
57976,130,-314,-830
57986,130,-318,-820
57996,131,-317,-817
58006,130,-316,-824
58016,128,-308,-826
58026,128,-314,-822
58035,122,-316,-816
58045,126,-312,-828
58055,126,-308,-822
58065,125,-319,-825
58075,129,-323,-821
58085,124,-314,-822
58094,124,-318,-826
58104,127,-313,-821
58114,130,-318,-818
58124,126,-318,-828
58134,123,-313,-823
58144,124,-312,-828
58154,133,-315,-819
58163,130,-308,-822
58173,132,-308,-824
58183,132,-316,-824
58193,132,-324,-816
58203,131,-311,-817
58213,131,-321,-829
58223,134,-316,-828
58233,123,-311,-823
58242,128,-318,-820
58252,123,-311,-821
58262,127,-309,-823
58272,125,-311,-827
58282,134,-320,-836
58292,129,-319,-831
58302,130,-312,-824
58311,121,-317,-825
58321,132,-314,-814
58331,124,-314,-824
58341,126,-312,-828
58351,124,-310,-826
58361,128,-318,-826
58371,135,-315,-813
58380,131,-317,-829
58390,130,-322,-826
58400,130,-318,-826
58410,129,-321,-819
58420,128,-316,-818
58430,129,-321,-823
58440,128,-316,-824
58450,135,-313,-821
58459,125,-313,-823
58469,127,-315,-823
58479,130,-314,-828
58489,128,-320,-832
58499,133,-313,-817
58509,129,-327,-823
58519,126,-318,-830
58528,125,-321,-825
58538,128,-312,-822
58548,128,-312,-824
58558,129,-319,-823
58568,126,-314,-816
58578,129,-317,-821
58588,138,-320,-824
58597,134,-316,-830
58607,136,-314,-820
58617,123,-315,-827
58627,131,-323,-825
58637,130,-312,-816
58647,127,-307,-823
58656,132,-316,-818
58666,131,-315,-823
58676,132,-314,-830
58686,131,-319,-821
58696,131,-317,-823
58706,130,-312,-820
58715,126,-314,-822
58725,128,-314,-828
58735,135,-311,-825
58745,128,-316,-824
58755,126,-318,-820
58765,131,-313,-823
58775,125,-317,-821
58784,133,-315,-821
58794,131,-319,-825
58804,139,-315,-827
58814,134,-316,-824
58824,137,-317,-817
58834,131,-319,-815
58843,135,-313,-823
58853,134,-322,-820
58863,134,-314,-824
58873,132,-312,-820
58883,135,-311,-817
58893,135,-309,-823
58903,136,-312,-826
58913,130,-310,-826
58922,133,-315,-819
58932,131,-319,-823
58942,130,-310,-818
58952,132,-318,-818
58962,140,-320,-822
58972,126,-312,-828
58982,139,-317,-821
58991,127,-315,-823
59001,136,-320,-820
59011,127,-317,-819
59021,141,-325,-815
59031,123,-315,-811
59041,137,-317,-821
59051,134,-316,-818
59060,132,-314,-826
59070,129,-309,-823
59080,135,-319,-817
59090,130,-320,-826
59100,130,-316,-820
59110,134,-326,-818
59120,143,-321,-817
59130,131,-315,-819
59139,134,-324,-818
59149,137,-313,-819
59159,138,-318,-818
59169,130,-320,-818
59179,134,-322,-820
59189,133,-317,-829
59199,128,-320,-812
59208,132,-316,-812
59218,136,-316,-816
59228,138,-316,-818
59238,126,-322,-812
59248,134,-322,-822
59258,135,-319,-817
59267,134,-320,-816
59277,142,-322,-816
59287,136,-320,-822
59297,135,-321,-819
59307,140,-316,-818
59317,136,-320,-816
59327,130,-316,-820
59336,141,-317,-819
59346,149,-329,-817
59356,137,-323,-819
59366,135,-331,-819
59376,140,-324,-812
59386,136,-322,-814
59395,139,-317,-811
59405,136,-318,-824
59415,145,-325,-815
59425,136,-318,-812
59435,142,-318,-816
59445,135,-329,-803
59455,138,-324,-816
59464,138,-328,-818
59474,144,-326,-814
59484,138,-324,-810
59494,142,-322,-816
59504,135,-325,-811
59514,140,-322,-814
59523,139,-325,-805
59533,135,-321,-811
59543,144,-328,-812
59553,139,-319,-813
59563,143,-321,-813
59573,138,-326,-810
59583,147,-331,-813
59592,141,-327,-807
59602,141,-325,-807
59612,145,-323,-813
59622,141,-325,-807
59632,146,-324,-810
59642,143,-331,-807
59652,139,-323,-811
59661,134,-332,-808
59671,144,-332,-798
59681,141,-331,-805
59691,140,-322,-808
59701,140,-334,-808
59711,140,-332,-806
59721,142,-332,-806
59731,143,-333,-805
59740,137,-327,-801
59750,142,-332,-804
59760,147,-335,-809
59770,140,-330,-804
59780,136,-328,-806
59790,137,-337,-803
59800,140,-340,-802
59809,141,-339,-803
59819,131,-337,-797
59829,144,-334,-798
59839,140,-344,-792
59849,136,-342,-804
59859,139,-333,-799
59869,130,-338,-794
59878,136,-340,-802
59888,138,-340,-802
59898,142,-338,-796
59908,138,-340,-802
59918,134,-336,-800
59928,128,-340,-798
59938,139,-333,-799
59948,129,-343,-799
59957,143,-335,-797
59967,138,-340,-800
59977,131,-345,-795
59987,135,-339,-799
59997,137,-351,-789
60007,131,-345,-793
60017,133,-335,-789
60026,133,-349,-789
60036,138,-344,-784
60046,135,-343,-791
60056,134,-340,-792
60066,126,-342,-790
60076,129,-345,-785
60086,127,-349,-783
60095,132,-342,-794
60105,130,-350,-784
60115,126,-342,-786
60125,128,-344,-790
60135,128,-340,-784
60145,122,-348,-788
60154,126,-348,-790
60164,119,-355,-793
60174,125,-351,-785
60184,125,-333,-789
60194,122,-350,-788
60204,118,-354,-794
60213,126,-348,-784
60223,120,-342,-780
60233,123,-351,-791
60243,123,-349,-789
60253,120,-348,-790
60263,116,-350,-788
60272,115,-349,-781
60282,110,-352,-788
60292,114,-344,-786
60302,118,-352,-786
60312,115,-349,-793
60322,105,-353,-793
60332,101,-347,-785
60342,100,-348,-788
60351,110,-342,-780
60361,109,-347,-793
60371,105,-345,-787
60381,101,-347,-791
60391,110,-350,-786
60401,103,-341,-797
60411,106,-348,-794
60420,100,-350,-786
60430,104,-348,-784
60440,102,-342,-794
60450,102,-342,-796
60460,106,-332,-790
60470,101,-337,-787
60480,104,-340,-788
60490,101,-337,-791
60499,93,-333,-787
60509,99,-341,-799
60519,95,-333,-789
60529,99,-335,-795
60539,89,-337,-793
60549,95,-343,-793
60559,93,-333,-799
60568,94,-336,-794
60578,102,-326,-800
60588,91,-333,-801
60598,95,-331,-801
60608,96,-330,-798
60618,90,-332,-802
60628,88,-328,-796
60637,100,-326,-798
60647,90,-336,-798
60657,82,-328,-800
60667,90,-318,-800
60677,87,-327,-797
60687,85,-327,-797
60696,96,-324,-812
60706,93,-317,-801
60716,90,-306,-804
60726,94,-318,-816
60736,89,-321,-803
60746,85,-319,-807
60755,91,-317,-811
60765,87,-315,-809
60775,82,-312,-806
60785,90,-312,-806
60795,87,-315,-803
60805,87,-309,-805
60814,88,-304,-808
60824,88,-308,-810
60834,87,-301,-813
60844,88,-306,-804
60854,93,-315,-809
60864,88,-302,-812
60874,95,-309,-809
60883,81,-299,-813
60893,81,-303,-815
60903,93,-303,-813
60913,81,-305,-813
60923,90,-292,-812
60933,92,-304,-810
60943,84,-300,-812
60953,95,-299,-819
60962,90,-294,-814
60972,90,-298,-818
60982,93,-289,-815
60992,95,-295,-813
61002,94,-290,-816
61012,92,-292,-822
61022,95,-299,-821
61031,86,-294,-816
61041,87,-297,-823
61051,95,-293,-821
61061,97,-289,-817
61071,98,-294,-818
61081,100,-290,-820
61091,93,-295,-823
61100,98,-282,-822
61110,100,-286,-824
61120,97,-287,-823
61130,96,-288,-818
61140,100,-288,-824
61150,106,-286,-816
61160,99,-291,-825
61170,103,-297,-819
61179,99,-285,-825
61189,94,-290,-826
61199,102,-288,-824
61209,110,-274,-826
61219,108,-286,-832
61229,109,-279,-829
61238,93,-283,-817
61248,98,-278,-822
61258,102,-280,-824
61268,101,-283,-821
61278,106,-280,-822
61288,106,-286,-820
61297,106,-284,-822
61307,109,-273,-829
61317,105,-281,-827
61327,113,-275,-829
61337,113,-285,-831
61347,104,-276,-828
61356,107,-279,-815
61366,109,-275,-833
61376,110,-284,-824
61386,110,-278,-822
61396,110,-284,-818
61406,107,-281,-825
61416,114,-286,-822
61425,108,-284,-830
61435,110,-282,-822
61445,106,-274,-826
61455,111,-277,-813
61465,110,-280,-826
61475,116,-276,-826
61485,116,-274,-822
61494,105,-283,-831
61504,117,-273,-825
61514,113,-281,-821
61524,111,-273,-821
61534,114,-288,-830
61544,107,-277,-825
61554,112,-280,-824
61564,113,-279,-825
61573,114,-278,-826
61583,120,-276,-830
61593,113,-271,-829
61603,110,-284,-826
61613,108,-284,-826
61623,119,-277,-829
61633,118,-278,-824
61642,115,-279,-825
61652,117,-271,-829
61662,116,-272,-830
61672,122,-276,-820
61682,121,-269,-823
61692,120,-278,-828
61702,118,-274,-830
61711,121,-279,-829
61721,121,-277,-823
61731,117,-271,-831
61741,117,-269,-819
61751,125,-271,-817
61761,123,-277,-823
61771,121,-277,-825
61781,117,-279,-833
61790,124,-270,-826
61800,112,-278,-824
61810,122,-274,-824
61820,116,-280,-822
61830,117,-281,-825
61840,123,-267,-829
61850,119,-277,-833
61859,116,-276,-830
61869,119,-269,-833
61879,123,-275,-819
61889,128,-274,-832
61899,125,-271,-835
61909,121,-277,-829
61918,124,-276,-834
61928,127,-277,-827
61938,128,-280,-826
61948,125,-277,-825
61958,126,-272,-830
61968,123,-269,-833
61978,131,-277,-833
61988,121,-279,-825
61997,129,-281,-833
62007,130,-286,-834
62017,132,-276,-832
62027,125,-281,-827
62037,126,-284,-830
62047,124,-274,-828
62056,131,-281,-827
62066,123,-275,-831
62076,120,-278,-826
62086,137,-277,-829
62096,128,-280,-828
62106,133,-279,-825
62116,124,-274,-822
62125,130,-286,-828
62135,126,-280,-826
62145,122,-280,-828
62155,122,-284,-832
62165,124,-280,-826
62175,127,-289,-831
62184,121,-275,-825
62194,131,-279,-833
62204,120,-284,-830
62214,132,-276,-830
62224,126,-284,-822
62234,124,-282,-824
62243,133,-281,-825
62253,127,-281,-823
62263,129,-273,-823
62273,136,-280,-828
62283,129,-285,-829
62293,137,-281,-823
62303,129,-285,-833
62312,125,-285,-827
62322,128,-282,-830
62332,132,-280,-836
62342,126,-276,-822
62352,134,-284,-828
62362,135,-281,-823
62372,125,-289,-825
62381,131,-279,-819
62391,127,-281,-823
62401,129,-287,-827
62411,130,-286,-824
62421,131,-291,-831
62431,130,-286,-820
62441,134,-284,-826
62451,136,-290,-822
62460,127,-291,-825
62470,131,-281,-819
62480,131,-281,-821
62490,125,-289,-829
62500,137,-281,-831
62510,130,-288,-826
62520,134,-286,-826
62529,137,-289,-831
62539,128,-292,-822
62549,134,-292,-826
62559,132,-286,-824
62569,129,-291,-823
62579,140,-278,-826
62589,131,-279,-831
62598,131,-285,-831
62608,128,-288,-836
62618,130,-294,-826
62628,128,-288,-832
62638,130,-290,-830
62648,139,-293,-831
62658,136,-284,-830
62667,131,-295,-825
62677,134,-278,-836
62687,128,-292,-824
62697,130,-292,-828
62707,138,-294,-822
62717,137,-291,-829
62727,134,-286,-822
62736,130,-288,-824
62746,138,-286,-830
62756,136,-294,-828
62766,130,-294,-826
62776,139,-295,-827
62786,130,-290,-820
62796,138,-294,-832
62805,137,-299,-831
62815,139,-293,-829
62825,132,-286,-834
62835,142,-294,-828
62845,127,-289,-829
62855,136,-290,-824
62864,133,-295,-819
62874,126,-308,-826
62884,136,-306,-826
62894,137,-301,-823
62904,138,-304,-828
62914,133,-299,-825
62924,141,-291,-825
62933,142,-302,-832
62943,140,-298,-822
62953,139,-299,-823
62963,134,-292,-824
62973,138,-290,-826
62983,138,-302,-830
62992,135,-303,-833
63002,137,-305,-827
63012,130,-304,-830
63022,130,-298,-826
63032,133,-297,-825
63042,139,-295,-825
63051,142,-296,-830
63061,136,-308,-830
63071,130,-300,-830
63081,135,-299,-823
63091,143,-301,-825
63101,134,-296,-826
63111,136,-302,-826
63120,129,-299,-819
63130,132,-300,-830
63140,129,-299,-823
63150,127,-307,-825
63160,133,-311,-823
63170,136,-304,-814
63180,127,-295,-825
63189,131,-307,-825
63199,132,-292,-824
63209,133,-297,-829
63219,129,-305,-827
63229,140,-316,-822
63239,131,-309,-829
63249,137,-303,-821
63258,128,-304,-828
63268,133,-309,-825
63278,137,-301,-825
63288,125,-307,-827
63298,137,-301,-827
63308,134,-310,-830
63318,132,-304,-824
63327,135,-305,-815
63337,138,-308,-824
63347,140,-306,-826
63357,135,-309,-823
63367,126,-304,-828
63377,127,-303,-825
63387,133,-309,-821
63396,135,-303,-821
63406,140,-316,-818
63416,133,-313,-825
63426,131,-313,-823
63436,133,-307,-827
63446,127,-301,-825
63456,135,-315,-823
63465,135,-303,-827
63475,134,-302,-830
63485,129,-307,-827
63495,139,-307,-829
63505,134,-308,-830
63515,133,-305,-827
63525,136,-308,-830
63534,123,-307,-825
63544,141,-311,-825
63554,128,-312,-822
63564,130,-312,-820
63574,125,-305,-821
63584,129,-305,-825
63594,124,-312,-824
63603,131,-307,-831
63613,129,-301,-827
63623,129,-307,-829
63633,133,-303,-823
63643,135,-311,-821
63653,129,-313,-827
63663,132,-310,-826
63673,130,-308,-824
63682,132,-308,-822
63692,132,-310,-820
63702,129,-315,-831
63712,119,-313,-821
63722,136,-310,-822
63732,123,-311,-821
63742,133,-315,-825
63751,127,-309,-821
63761,138,-310,-824
63771,129,-315,-821
63781,129,-315,-821
63791,128,-314,-820
63801,130,-316,-822
63811,131,-315,-829
63820,129,-315,-817
63830,135,-313,-825
63840,134,-306,-828
63850,129,-309,-827
63860,128,-312,-828
63870,130,-312,-824
63879,122,-308,-820
63889,129,-305,-821
63899,133,-317,-825
63909,133,-305,-829
63919,129,-309,-821
63929,132,-310,-832
63939,120,-304,-820
63948,127,-315,-825
63958,136,-302,-820
63968,125,-311,-823
63978,123,-305,-821
63988,133,-317,-819
63998,130,-310,-826
64007,130,-312,-826
64017,124,-314,-820
64027,127,-315,-825
64037,123,-315,-829
64047,134,-324,-830
64057,133,-309,-821
64067,123,-309,-823
64076,126,-306,-826
64086,132,-316,-828
64096,125,-313,-829
64106,130,-308,-834
64116,126,-310,-826
64126,131,-309,-827
64135,133,-317,-829
64145,127,-325,-819
64155,119,-311,-827
64165,123,-311,-831
64175,130,-312,-828
64185,133,-311,-827
64195,130,-312,-824
64204,130,-314,-828
64214,128,-314,-824
64224,133,-311,-833
64234,128,-310,-824
64244,137,-313,-827
64254,126,-320,-822
64264,126,-314,-826
64274,132,-312,-826
64283,131,-309,-823
64293,126,-308,-824
64303,132,-310,-824
64313,122,-314,-822
64323,125,-313,-825
64333,124,-314,-828
64343,124,-310,-820
64352,124,-306,-822
64362,131,-309,-831
64372,131,-313,-825
64382,130,-314,-828
64392,124,-314,-822
64402,127,-309,-831
64412,130,-310,-824
64421,126,-306,-828
64431,125,-313,-823
64441,126,-316,-824
64451,130,-312,-838
64461,127,-311,-819
64471,125,-311,-827
64481,126,-306,-828
64490,119,-309,-827
64500,121,-309,-823
64510,131,-309,-831
64520,131,-317,-823
64530,123,-313,-827
64540,126,-308,-826
64550,127,-313,-825
64559,130,-314,-826
64569,125,-313,-817
64579,128,-308,-826
64589,126,-312,-820
64599,133,-313,-823
64609,121,-311,-817
64619,131,-313,-827
64628,120,-306,-828
64638,127,-309,-825
64648,126,-310,-826
64658,125,-313,-827
64668,125,-313,-823
64678,132,-306,-820
64688,134,-312,-824
64698,126,-316,-828
64707,125,-313,-827
64717,127,-311,-827
64727,125,-317,-829
64737,123,-317,-825
64747,134,-314,-828
64757,129,-315,-825
64767,127,-315,-825
64776,123,-315,-829
64786,124,-312,-822
64796,132,-306,-820
64806,130,-310,-828
64816,126,-312,-820
64826,123,-311,-819
64835,128,-320,-818
64845,128,-318,-828
64855,128,-314,-822
64865,125,-317,-825
64875,128,-312,-832
64884,129,-311,-831
64894,121,-319,-821
64904,129,-315,-825
64914,125,-317,-821
64924,121,-311,-827
64934,127,-317,-829
64944,131,-311,-827
64953,123,-313,-817
64963,125,-317,-835
64973,133,-313,-823
64983,130,-314,-822
64993,125,-315,-833
65003,123,-315,-829
65013,131,-319,-825
65023,128,-310,-820
65032,125,-311,-825
65042,123,-315,-829
65052,126,-308,-828
65062,127,-319,-827
65072,123,-313,-827
65082,132,-312,-826
65092,125,-313,-821
65101,117,-313,-823
65111,130,-316,-822
65121,127,-313,-827
65131,130,-318,-820
65141,130,-316,-824
65151,122,-310,-828
65161,127,-309,-819
65171,131,-315,-827
65180,131,-315,-825
65190,124,-306,-834
65200,125,-315,-821
65210,122,-308,-822
65220,123,-313,-827
65230,129,-317,-827
65240,129,-311,-825
65249,125,-311,-823
65259,118,-312,-822
65269,128,-312,-822
65279,120,-316,-830
65289,130,-320,-826
65299,125,-307,-825
65309,121,-319,-829
65318,130,-316,-828
65328,128,-318,-826
65338,119,-321,-831
65348,127,-315,-823
65358,128,-318,-828
65368,130,-318,-820
65377,127,-315,-829
65387,122,-318,-824
65397,130,-320,-832
65407,127,-319,-821
65417,130,-312,-828
65427,132,-314,-826
65436,121,-315,-819
65446,121,-313,-825
65456,126,-318,-820
65466,127,-309,-819
65476,125,-319,-821
65486,123,-309,-823
65495,128,-316,-830
65505,134,-308,-820
65515,124,-312,-826
65525,127,-317,-829
65535,128,-314,-830
65545,122,-316,-824
65555,122,-304,-818
65564,128,-310,-824
65574,124,-314,-820
65584,125,-311,-821
65594,125,-313,-831
65604,129,-317,-819
65614,124,-314,-818
65624,125,-319,-821
65634,132,-314,-830
65643,119,-313,-831
65653,127,-313,-825
65663,121,-315,-823
65673,121,-317,-817
65683,123,-317,-823
65693,129,-319,-827
65703,124,-310,-826
65712,124,-318,-824
65722,125,-313,-821
65732,124,-310,-828
65742,126,-310,-824
65752,117,-313,-817
65762,125,-313,-827
65772,115,-313,-823
65782,133,-309,-827
65791,130,-314,-822
65801,124,-322,-830
65811,125,-311,-827
65821,133,-313,-827
65831,128,-316,-824
65841,121,-311,-835
65850,120,-316,-824
65860,117,-315,-825
65870,128,-316,-826
65880,127,-319,-825
65890,129,-317,-829
65900,121,-311,-833
65909,128,-310,-822
65919,130,-314,-820
65929,132,-316,-838
65939,119,-317,-831
65949,128,-316,-826
65959,126,-322,-828
65969,130,-320,-822
65978,128,-308,-822
65988,119,-319,-827
65998,125,-317,-819
66008,122,-312,-820
66018,117,-313,-827
66028,125,-323,-819
66037,121,-313,-823
66047,125,-315,-825
66057,131,-319,-819
66067,126,-320,-826
66077,124,-316,-828
66087,124,-314,-828
66097,125,-311,-823
66106,123,-313,-817
66116,125,-305,-829
66126,133,-321,-831
66136,123,-307,-825
66146,129,-317,-827
66156,122,-312,-828
66166,126,-308,-826
66175,121,-311,-827
66185,123,-317,-827
66195,128,-310,-828
66205,130,-320,-830
66215,125,-317,-825
66225,125,-315,-823
66235,126,-316,-830
66245,123,-315,-831
66254,123,-317,-825
66264,121,-313,-825
66274,134,-308,-826
66284,125,-303,-821
66294,130,-312,-828
66304,121,-315,-825
66314,122,-318,-832
66324,122,-304,-824
66333,126,-312,-822
66343,122,-316,-828
66353,130,-314,-824
66363,129,-317,-821
66373,134,-320,-824
66383,128,-306,-820
66392,126,-322,-832
66402,121,-315,-821
66412,126,-316,-828
66422,121,-319,-825
66432,134,-320,-828
66442,127,-311,-825
66452,132,-316,-822
66461,122,-308,-826
66471,128,-316,-824
66481,122,-312,-824
66491,121,-321,-821
66501,124,-316,-820
66511,120,-312,-822
66520,122,-314,-824
66530,128,-326,-820
66540,125,-311,-829
66550,130,-314,-818
66560,127,-311,-825
66570,126,-320,-820
66579,115,-319,-823
66589,121,-313,-829
66599,119,-317,-821
66609,123,-319,-827
66619,123,-309,-825
66629,123,-311,-823
66639,126,-316,-822
66648,130,-318,-820
66658,122,-310,-824
66668,131,-313,-823
66678,123,-313,-825
66688,125,-315,-825
66698,118,-322,-824
66708,124,-314,-826
66717,123,-317,-829
66727,125,-321,-831
66737,118,-316,-822
66747,135,-317,-835
66757,118,-320,-828
66767,121,-313,-829
66777,127,-317,-829
66787,136,-316,-832
66796,128,-314,-826
66806,130,-316,-826
66816,124,-318,-830
66826,129,-313,-827
66836,130,-318,-832
66846,126,-314,-822
66856,122,-312,-832
66866,126,-314,-822
66875,123,-307,-829
66885,127,-317,-823
66895,127,-311,-825
66905,122,-312,-830
66915,129,-315,-827
66925,128,-318,-820
66934,127,-307,-825
66944,125,-319,-831
66954,120,-318,-826
66964,128,-312,-832
66974,132,-314,-830
66984,124,-312,-824
66993,123,-315,-827
67003,128,-320,-826
67013,116,-316,-814
67023,122,-310,-822
67033,121,-313,-821
67043,131,-315,-827
67053,122,-312,-830
67062,128,-310,-828
67072,123,-305,-829
67082,140,-308,-826
67092,122,-316,-824
67102,119,-313,-825
67112,124,-312,-824
67121,122,-316,-826
67131,127,-313,-829
67141,120,-316,-828
67151,116,-310,-822
67161,131,-315,-825
67171,127,-317,-827
67181,132,-318,-828
67190,124,-318,-826
67200,116,-316,-824
67210,119,-313,-817
67220,119,-313,-833
67230,120,-312,-828
67240,128,-316,-822
67250,124,-316,-828
67259,121,-311,-825
67269,129,-307,-821
67279,123,-313,-817
67289,124,-314,-826
67299,133,-311,-823
67309,123,-309,-823
67319,124,-320,-830
67328,123,-319,-821
67338,126,-306,-832
67348,124,-310,-824
67358,125,-311,-827
67368,126,-312,-828
67378,130,-308,-828
67388,122,-314,-824
67397,125,-313,-825
67407,123,-317,-825
67417,120,-312,-826
67427,127,-311,-821
67437,119,-303,-829
67447,128,-310,-822
67457,123,-313,-825
67467,134,-310,-830
67476,119,-315,-821
67486,126,-310,-820
67496,124,-310,-832
67506,128,-312,-830
67516,132,-310,-828
67526,131,-311,-823
67536,130,-312,-818
67545,133,-311,-827
67555,124,-316,-826
67565,117,-313,-823
67575,128,-314,-824
67585,136,-316,-828
67595,125,-315,-825
67604,127,-309,-815
67614,123,-317,-823
67624,125,-319,-821
67634,119,-317,-823
67644,129,-309,-819
67654,130,-314,-826
67664,130,-314,-824
67673,118,-318,-826
67683,120,-322,-828
67693,121,-313,-829
67703,120,-306,-836
67713,128,-318,-822
67722,126,-310,-832
67732,124,-322,-820
67742,128,-312,-830
67752,120,-314,-824
67762,130,-322,-822
67772,132,-310,-828
67782,125,-315,-831
67791,126,-316,-822
67801,125,-319,-821
67811,119,-315,-825
67821,128,-316,-822
67831,127,-311,-821
67841,120,-320,-830
67851,132,-318,-836
67860,122,-316,-826
67870,128,-312,-818
67880,129,-309,-823
67890,126,-312,-822
67900,129,-317,-825
67910,125,-315,-823
67920,120,-312,-824
67930,117,-305,-833
67939,128,-312,-826
67949,127,-311,-823
67959,122,-312,-822
67969,121,-309,-827
67979,134,-318,-826
67989,129,-319,-829
67999,125,-313,-823
68008,117,-313,-825
68018,127,-315,-817
68028,111,-313,-819
68038,121,-317,-835
68048,123,-323,-829
68058,127,-323,-819
68068,130,-310,-824
68078,122,-318,-826
68087,124,-314,-826
68097,125,-309,-823
68107,125,-319,-833
68117,127,-313,-825
68127,124,-314,-824
68137,121,-319,-827
68147,129,-313,-829
68156,125,-309,-829
68166,
