t,x,y,z,mf
1784378,-4.4434,25.3418,-26.2695,36.77
1784388,-4.4922,25.0000,-25.8789,36.26
1784399,-4.5410,25.3418,-26.1230,36.68
1784410,-4.3457,24.9512,-26.1230,36.38
1784421,-4.3945,25.3418,-26.4160,36.87
1784432,-4.4922,25.5371,-26.8066,37.30
1784443,-4.3945,25.5371,-26.1719,36.83
1784454,-4.3945,25.5371,-26.1719,36.83
1784464,-4.2969,25.7324,-26.6113,37.27
1784475,-4.4434,25.4395,-26.3184,36.87
1784486,-4.6875,24.8535,-26.7578,36.82
1784497,-4.1016,26.0254,-26.7578,37.55
1784508,-4.5410,25.4883,-26.8066,37.27
1784519,-4.3457,25.6836,-26.0254,36.82
1784530,-4.8340,25.8301,-26.5137,37.33
1784541,-4.8340,25.8301,-26.5137,37.33
1784551,-4.6387,25.7813,-26.2207,37.06
1784562,-4.8828,25.4395,-26.0254,36.72
1784573,-4.5410,25.5371,-26.4648,37.06
1784584,-4.5410,25.0977,-26.2695,36.61
1784595,-4.2480,25.5371,-25.6348,36.43
1784606,-4.3945,25.9277,-26.1719,37.10
1784617,-4.3457,25.8789,-25.7813,36.79
1784628,-4.3457,25.8789,-25.7813,36.79
1784638,-4.2969,25.4395,-26.1230,36.72
1784649,-4.6387,25.9277,-26.5137,37.37
1784660,-4.3945,25.5859,-26.3184,36.97
1784671,-3.9551,25.8789,-26.3672,37.16
1784682,-4.1016,25.6836,-26.8066,37.35
1784693,-4.6387,25.7813,-26.4648,37.24
1784704,-4.3457,25.1953,-26.9531,37.15
1784715,-4.3457,25.1953,-26.9531,37.15
1784725,-4.3457,25.1465,-26.4160,36.73
1784736,-4.9805,25.6836,-26.6602,37.35
1784747,-4.4922,25.3418,-26.5625,36.99
1784758,-4.9316,25.3418,-26.0742,36.69
1784769,-4.4434,25.2930,-25.7324,36.35
1784780,-4.5410,25.5859,-26.3672,37.02
1784791,-4.7363,25.4883,-26.1719,36.84
1784802,-4.7363,25.4883,-26.1719,36.84
1784812,-4.6387,25.5859,-26.2207,36.93
1784823,-4.4434,25.2930,-25.7324,36.35
1784834,-4.4434,25.1953,-26.2207,36.63
1784845,-4.3945,25.5859,-25.3418,36.28
1784856,-4.0527,25.3418,-26.2207,36.69
1784867,-3.6133,25.2930,-26.3672,36.72
1784878,-4.3457,25.2930,-26.1719,36.65
1784889,-4.3457,25.2930,-26.1719,36.65
1784899,-4.1016,24.6582,-26.1719,36.19
1784910,-4.0527,25.3906,-26.2695,36.76
1784921,-3.9062,25.2441,-26.4160,36.75
1784932,-4.2480,25.2930,-26.3184,36.75
1784943,-3.9551,25.6348,-26.0254,36.74
1784954,-4.2969,25.3418,-26.2695,36.75
1784965,-4.4434,25.3418,-26.5625,36.98
1784976,-4.4434,25.3418,-26.5625,36.98
1784986,-4.7852,25.0000,-26.1719,36.51
1784997,-4.2480,25.6348,-26.0742,36.81
1785008,-4.3945,25.5859,-26.7090,37.25
1785019,-4.5410,25.4395,-26.4160,36.95
1785030,-4.6875,25.4395,-26.4648,37.01
1785041,-4.7363,25.2441,-26.2695,36.74
1785052,-4.5898,24.6094,-25.8301,35.97
1785063,-4.5898,24.6094,-25.8301,35.97
1785073,-4.7363,25.1953,-26.5137,36.88
1785084,-4.8340,25.0000,-26.8555,37.01
1785095,-4.6387,25.4883,-26.2695,36.90
1785106,-4.6387,25.2441,-26.4160,36.83
1785117,-4.2969,25.5859,-27.0996,37.52
1785128,-4.7363,25.4395,-26.2695,36.87
1785139,-4.5898,25.4395,-26.5137,37.03
1785150,-4.5898,25.4395,-26.5137,37.03
1785160,-4.6875,25.3418,-26.2207,36.77
1785171,-4.3945,24.8047,-25.9766,36.19
1785182,-4.5410,25.4395,-26.4648,36.99
1785193,-4.3457,25.3906,-26.8555,37.21
1785204,-4.2969,25.4395,-26.0742,36.68
1785215,-3.8086,25.1465,-25.9277,36.32
1785226,-4.0527,25.6348,-26.4648,37.07
1785237,-4.0527,25.6348,-26.4648,37.07
1785247,-4.4434,25.3906,-26.3184,36.84
1785258,-4.2480,25.8789,-26.3184,37.15
1785269,-4.1992,25.3906,-26.1719,36.71
1785280,-4.5898,25.4395,-26.9531,37.35
1785291,-4.2480,25.3906,-26.7090,37.10
1785302,-4.2969,25.5859,-26.3672,36.99
1785313,-4.4434,25.5371,-25.6836,36.49
1785324,-4.4434,25.5371,-25.6836,36.49
1785334,-4.1504,25.1465,-26.0742,36.46
1785345,-4.0527,25.1953,-26.2207,36.59
1785356,-4.1504,25.5859,-26.4160,37.01
1785367,-4.8340,25.5371,-26.7090,37.27
1785378,-4.5898,25.2930,-26.5625,36.96
1785389,-4.8828,25.6348,-25.9766,36.82
1785400,-4.7852,25.4883,-25.3906,36.29
1785411,-4.7852,25.4883,-25.3906,36.29
1785421,-4.0039,25.5859,-25.3418,36.23
1785432,-4.1016,25.6836,-25.6836,36.55
1785443,-4.4922,25.5859,-25.3906,36.32
1785454,-4.1992,26.0742,-25.9277,37.01
1785465,-4.5898,25.6836,-25.6836,36.61
1785476,-4.2480,25.7813,-26.1719,36.98
1785487,-4.1992,26.0254,-26.5625,37.42
1785498,-4.1992,26.0254,-26.5625,37.42
1785508,-4.5898,25.6348,-26.3184,37.03
1785519,-4.7852,25.7324,-25.8789,36.81
1785530,-4.4434,25.7324,-25.7813,36.70
1785541,-4.8340,25.5859,-25.3906,36.37
1785552,-4.5898,25.6348,-26.0254,36.82
1785563,-4.5898,25.2930,-26.2695,36.75
1785574,-4.5410,25.3906,-25.9277,36.57
1785585,-4.5410,25.3906,-25.9277,36.57
1785595,-4.3457,25.4395,-26.5137,37.00
1785606,-4.1504,25.7813,-25.8301,36.73
1785617,-4.3457,25.4395,-26.1230,36.72
1785628,-4.1016,25.0977,-25.9277,36.32
1785639,-4.1016,25.9277,-26.2207,37.10
1785650,-3.9062,25.3906,-25.8789,36.46
1785661,-4.2969,25.2441,-26.3184,36.72
1785672,-4.2969,25.2441,-26.3184,36.72
1785682,-4.6875,25.1953,-25.8789,36.42
1785693,-4.7363,25.4395,-26.1230,36.77
1785704,-4.5410,25.4395,-26.0254,36.68
1785715,-4.5410,25.9766,-26.0254,37.05
1785726,-4.6387,25.7813,-25.8789,36.82
1785737,-4.4434,24.8535,-26.4648,36.58
1785748,-5.1758,25.4883,-26.3184,37.00
1785759,-5.1758,25.4883,-26.3184,37.00
1785769,-4.6875,24.9512,-26.7578,36.89
1785780,-4.3945,25.1953,-26.9531,37.16
1785791,-4.6875,25.0000,-26.0254,36.39
1785802,-4.4922,25.1465,-26.3672,36.71
1785813,-4.9316,25.1953,-26.3184,36.77
1785824,-4.2969,24.7559,-26.5625,36.56
1785835,-4.1504,25.0977,-26.3184,36.60
1785846,-4.1504,25.0977,-26.3184,36.60
1785856,-4.3945,25.0488,-26.1719,36.49
1785867,-4.7852,25.3906,-26.1719,36.78
1785878,-4.9805,25.0977,-26.5625,36.88
1785889,-5.1270,25.5371,-26.3672,37.06
1785900,-4.8828,25.1953,-26.5625,36.94
1785911,-4.7363,25.3906,-26.3672,36.91
1785922,-4.3457,25.5371,-26.7090,37.21
1785933,-4.3457,25.5371,-26.7090,37.21
1785943,-4.5410,25.7813,-26.4648,37.22
1785954,-4.6875,25.0977,-26.4160,36.74
1785965,-4.3945,25.7324,-26.0254,36.86
1785976,-4.9316,25.3906,-25.9277,36.62
1785987,-4.9805,25.1465,-25.3906,36.08
1785998,-4.6875,25.5371,-25.5859,36.45
1786009,-4.6875,25.3906,-26.0254,36.66
1786020,-4.4922,25.3906,-26.0254,36.64
1786030,-4.4434,25.8301,-26.0742,36.97
1786041,-4.6875,25.2930,-25.8789,36.49
1786052,-4.8828,25.3906,-26.2207,36.82
1786063,-4.7363,25.1465,-25.0977,35.84
1786074,-4.6387,25.1953,-25.5371,36.17
1786085,-4.5898,25.0000,-25.7324,36.17
1786096,-4.5898,24.6094,-25.8789,36.01
1786107,-4.1016,24.6094,-25.8789,35.95
1786117,-4.2969,25.5859,-25.5859,36.44
1786128,-4.9316,25.3418,-25.9766,36.62
1786139,-4.4434,24.9512,-26.5625,36.71
1786150,-4.4434,24.6582,-25.2930,35.60
1786161,-4.2969,25.3906,-25.7324,36.40
1786172,-4.4922,25.3906,-25.8301,36.50
1786183,-4.4922,25.2441,-25.9766,36.50
1786194,-4.5898,25.2441,-25.9766,36.51
1786204,-4.2480,25.5859,-25.9766,36.71
1786215,-4.2480,25.0000,-26.2695,36.51
1786226,-4.3945,25.1953,-26.0742,36.52
1786237,-4.1504,24.9512,-25.8301,36.15
1786248,-4.3457,25.0000,-26.1719,36.45
1786259,-4.1016,25.0488,-26.2695,36.53
1786270,-4.1016,25.0488,-26.5625,36.74
1786281,-4.4922,24.8047,-26.5625,36.62
1786291,-4.1504,25.3906,-26.5625,36.98
1786302,-3.6621,24.7070,-26.4648,36.39
1786313,-4.2969,25.2441,-26.0742,36.55
1786324,-4.0527,25.3906,-26.3184,36.79
1786335,-4.4922,25.1953,-25.9766,36.47
1786346,-4.1016,25.3906,-26.3672,36.83
1786357,-4.1016,25.3906,-26.6113,37.01
1786368,-4.4922,25.5371,-26.6113,37.15
1786378,-3.9062,25.2930,-26.3672,36.75
1786389,-4.0527,25.7324,-26.6602,37.27
1786400,-4.3945,25.0000,-25.9766,36.32
1786411,-4.1992,26.0254,-26.8066,37.60
1786422,-4.0527,25.6836,-26.4160,37.07
1786433,-4.5898,25.6836,-26.4160,37.13
1786444,-4.5898,25.6836,-26.4160,37.13
1786454,-4.6875,25.6348,-26.9043,37.46
1786465,-4.6875,25.7813,-26.2207,37.07
1786476,-3.9062,25.1465,-26.5137,36.75
1786487,-4.2969,24.6582,-26.4648,36.43
1786498,-4.4922,25.7324,-26.4160,37.15
1786509,-4.0039,25.0000,-25.8301,36.17
1786520,-3.9551,25.3418,-25.6836,36.30
1786531,-3.9551,25.3418,-25.6836,36.30
1786541,-4.3945,25.2930,-25.9277,36.49
1786552,-4.2969,25.5859,-26.0742,36.78
1786563,-4.4434,25.3418,-25.8301,36.46
1786574,-4.1016,25.4883,-26.6113,37.08
1786585,-4.1016,25.1953,-26.3672,36.70
1786596,-4.1504,25.5859,-25.9766,36.70
1786607,-3.7109,25.8301,-26.3184,37.06
1786618,-3.7109,25.8301,-26.3184,37.06
1786628,-4.0527,25.2930,-26.3184,36.73
1786639,-4.5898,25.5859,-25.9766,36.75
1786650,-4.5410,25.5859,-25.9277,36.71
1786661,-4.0039,25.9277,-25.9766,36.92
1786672,-4.2969,25.8789,-26.1719,37.06
1786683,-4.1016,25.4883,-25.7813,36.48
1786694,-3.8086,25.5371,-25.3418,36.18
1786705,-3.8086,25.5371,-25.3418,36.18
1786715,-4.3945,25.6348,-26.0742,36.83
1786726,-4.3945,25.6348,-25.9277,36.72
1786737,-4.1504,25.6836,-26.2207,36.94
1786748,-4.6387,25.8301,-26.6602,37.41
1786759,-4.1016,25.5859,-25.7813,36.55
1786770,-4.2969,25.9766,-26.1230,37.09
1786781,-4.2969,26.3672,-26.1719,37.40
1786792,-4.2969,26.3672,-26.1719,37.40
1786802,-3.7598,25.6836,-26.5625,37.14
1786813,-4.6387,25.6348,-26.0742,36.86
1786824,-4.6875,26.3184,-26.0254,37.31
1786835,-4.2969,25.7813,-26.2207,37.02
1786846,-4.3945,25.7324,-25.9277,36.79
1786857,-4.3457,25.9277,-25.8789,36.89
1786868,-3.9551,25.8301,-25.8789,36.78
1786879,-3.9551,25.8301,-25.8789,36.78
1786889,-4.5898,25.6836,-26.1719,36.96
1786900,-4.6875,26.2207,-25.4395,36.83
1786911,-4.4434,25.6836,-25.5859,36.52
1786922,-4.7363,25.5859,-25.5859,36.49
1786933,-4.6387,25.6836,-26.1230,36.93
1786944,-4.8340,25.7324,-25.4883,36.54
1786955,-4.5410,25.1465,-25.6836,36.23
1786966,-4.5410,25.1465,-25.6836,36.23
1786976,-4.0527,25.5859,-25.4395,36.31
1786987,-4.6875,25.8301,-26.6602,37.42
1786998,-4.6387,25.8789,-26.0742,37.03
1787009,-4.8828,25.3418,-26.2207,36.79
1787020,-4.6875,25.1953,-26.1719,36.63
1787031,-4.1016,25.2441,-26.3672,36.73
1787042,-4.4922,24.9512,-25.3418,35.85
1787053,-4.4922,24.9512,-25.3418,35.85
1787063,-4.4434,25.7813,-25.9277,36.83
1787074,-4.3945,25.4395,-26.0254,36.66
1787085,-3.8574,25.8789,-26.4648,37.22
1787096,-4.1992,25.5859,-25.9277,36.67
1787107,-4.1992,25.6348,-25.8789,36.67
1787118,-4.0527,26.0254,-25.9277,36.96
1787129,-4.1504,25.6348,-25.6836,36.52
1787140,-4.1504,25.6348,-25.6836,36.52
1787150,-4.4922,25.9766,-26.5137,37.39
1787161,-4.0527,26.0742,-26.0254,37.06
1787172,-4.6875,25.5371,-26.1230,36.83
1787183,-4.4922,25.6836,-26.2695,37.01
1787194,-4.4434,25.4883,-26.0742,36.73
1787205,-4.3945,25.4395,-26.0742,36.69
1787216,-4.1992,25.5371,-25.9766,36.67
1787227,-4.1992,25.5371,-25.9766,36.67
1787237,-4.0039,25.7813,-25.8789,36.75
1787248,-4.1016,25.3906,-25.5371,36.24
1787259,-4.0039,25.3906,-25.7324,36.37
1787270,-4.2969,25.7813,-26.2207,37.02
1787281,-3.9062,25.8789,-26.1230,36.98
1787292,-4.5410,26.2207,-26.2695,37.39
1787303,-4.1016,25.0977,-26.5625,36.77
1787314,-4.1016,25.0977,-26.5625,36.77
1787324,-4.2480,25.7324,-27.0508,37.58
1787335,-4.1504,25.3906,-26.7090,37.08
1787346,-4.4922,25.3906,-26.7578,37.16
1787357,-4.5410,25.7813,-26.2207,37.05
1787368,-4.4434,25.5371,-26.7090,37.22
1787379,-4.5410,25.4395,-26.3184,36.88
1787390,-4.3945,25.6348,-27.0020,37.49
1787401,-4.3945,25.6348,-27.0020,37.49
1787411,-4.1504,25.5859,-26.5625,37.11
1787422,-3.6621,26.0742,-26.1230,37.09
1787433,-4.6875,25.8789,-26.3672,37.24
1787444,-4.2969,25.3418,-26.1719,36.68
1787455,-4.1504,25.5371,-26.1719,36.80
1787466,-4.1016,25.6836,-26.1719,36.90
1787477,-4.5898,25.6836,-25.8301,36.71
1787488,-4.5898,25.6836,-25.8301,36.71
1787498,-4.5898,25.4395,-26.0742,36.72
1787509,-4.6387,25.2441,-27.0020,37.25
1787520,-4.1992,25.9766,-26.0742,37.04
1787531,-3.9062,25.5859,-25.4883,36.33
1787542,-4.3457,26.1230,-25.7813,36.96
1787553,-4.2969,25.6348,-26.2695,36.96
1787564,-4.4434,25.1465,-26.4160,36.74
1787575,-4.4434,25.1465,-26.4160,36.74
1787585,-4.6387,25.7324,-25.3906,36.45
1787596,-4.0527,25.5859,-25.5371,36.38
1787607,-4.4434,25.7324,-25.6836,36.63
1787618,-4.4922,25.6348,-25.9766,36.77
1787629,-4.2480,25.6836,-26.2207,36.95
1787640,-4.1016,25.2441,-25.4395,36.07
1787651,-4.2969,25.5371,-26.2207,36.85
1787662,-4.2969,25.5371,-26.2207,36.85
1787672,-4.2969,26.0742,-26.1719,37.19
1787683,-4.1016,25.4395,-26.1230,36.69
1787694,-4.1016,24.9512,-26.7090,36.78
1787705,-4.0527,25.4883,-26.3184,36.86
1787716,-4.1016,25.3418,-25.9766,36.52
1787727,-4.2480,25.5859,-26.4160,37.02
1787738,-4.2480,25.8301,-26.2207,37.05
1787749,-4.3457,25.8301,-26.2207,37.06
1787759,-4.3945,25.4883,-25.6836,36.45
1787770,-4.7852,25.1953,-26.4160,36.82
1787781,-3.9062,25.4395,-25.9766,36.57
1787792,-4.0039,25.1465,-26.2695,36.59
1787803,-4.2480,25.3418,-26.1719,36.68
1787814,-4.5898,25.2441,-25.7813,36.37
1787825,-4.5898,25.4395,-26.5137,37.03
1787836,-4.5410,25.4395,-26.5137,37.02
1787846,-4.6875,26.0742,-26.2207,37.27
1787857,-4.6387,25.5371,-26.5137,37.10
1787868,-4.4434,25.4395,-26.3672,36.91
1787879,-4.1992,25.2930,-26.5137,36.88
1787890,-4.5898,26.2207,-26.1719,37.33
1787901,-4.1992,25.8789,-25.9277,36.87
1787912,-4.1992,25.8789,-26.2207,37.08
1787923,-4.1016,25.8789,-26.2207,37.07
1787933,-4.6387,25.1465,-26.3184,36.69
1787944,-4.5898,25.0488,-26.0254,36.41
1787955,-4.1992,25.7324,-25.5859,36.53
1787966,-4.7363,25.7813,-26.3184,37.15
1787977,-4.3945,26.0254,-26.3184,37.27
1787988,-4.5898,25.9277,-26.0742,37.06
1787999,-4.5898,25.9277,-25.2930,36.51
1788010,-5.0293,25.9766,-25.2930,36.60
1788020,-4.1016,25.7813,-25.4395,36.45
1788031,-4.6387,25.3418,-26.0742,36.65
1788042,-4.0527,25.6836,-26.4648,37.10
1788053,-4.4922,25.7324,-26.4160,37.15
1788064,-3.8086,25.3418,-26.7090,37.01
1788075,-4.1016,25.6836,-26.3672,37.04
1788086,-4.1016,25.6836,-26.5137,37.14
1788097,-4.4434,25.6348,-26.5137,37.15
1788107,-4.2969,25.2930,-25.8789,36.44
1788118,-3.9062,25.6348,-26.5137,37.09
1788129,-4.3945,25.5859,-25.9277,36.69
1788140,-3.9551,25.7813,-26.7578,37.37
1788151,-4.0039,25.1465,-26.2207,36.55
1788162,-3.9062,25.5371,-26.3184,36.88
1788173,-3.9062,25.5371,-26.6602,37.12
1788184,-4.1016,25.4883,-26.6602,37.11
1788194,-4.1992,25.7813,-26.7578,37.39
1788205,-4.2480,25.5859,-26.8066,37.30
1788216,-4.1992,25.4395,-27.0508,37.37
1788227,-4.1504,25.8301,-26.3184,37.11
1788238,-3.8086,25.1465,-26.8555,36.99
1788249,-4.5410,25.5371,-26.6113,37.16
1788260,-4.5410,25.5371,-26.1719,36.85
1788271,-4.7363,25.6836,-26.1719,36.97
1788281,-4.1992,25.5859,-25.7324,36.53
1788292,-3.9062,25.5859,-26.3184,36.91
1788303,-3.8574,25.2930,-26.3184,36.71
1788314,-4.2480,25.0977,-26.7578,36.93
1788325,-4.1504,25.4883,-26.3672,36.91
1788336,-4.0527,25.6348,-26.5625,37.14
1788347,-4.0527,25.6348,-26.5625,37.14
1788357,-4.1016,25.7813,-26.5625,37.24
1788368,-3.9062,25.4395,-26.1230,36.67
1788379,-3.7598,25.2441,-26.5625,36.84
1788390,-3.9062,25.5371,-25.7324,36.46
1788401,-3.8574,25.5371,-26.8555,37.26
1788412,-4.2480,25.6348,-26.7090,37.26
1788423,-4.1992,25.2930,-26.5137,36.88
1788434,-4.1992,25.2930,-26.5137,36.88
1788444,-4.2480,25.1465,-26.6602,36.89
1788455,-4.2480,25.3418,-25.9766,36.54
1788466,-4.1504,25.5859,-26.3184,36.94
1788477,-4.5410,25.6348,-26.2695,36.98
1788488,-3.9062,25.4395,-26.4648,36.92
1788499,-4.1016,25.3418,-25.9766,36.52
1788510,-4.1016,25.7324,-26.2207,36.97
1788521,-4.1016,25.7324,-26.2207,36.97
1788531,-3.6621,25.5859,-26.1230,36.75
1788542,-3.5645,25.4883,-26.2695,36.78
1788553,-4.1016,25.5371,-26.1719,36.80
1788564,-3.8574,25.3906,-25.7813,36.39
1788575,-3.7598,25.4883,-25.6348,36.34
1788586,-4.2480,25.1465,-25.9766,36.40
1788597,-4.1504,25.5859,-25.9277,36.66
1788608,-4.1504,25.5859,-25.9277,36.66
1788618,-4.1016,24.8047,-26.0742,36.22
1788629,-4.0527,25.2930,-26.7090,37.01
1788640,-3.9551,25.3906,-25.8789,36.47
1788651,-4.0527,25.1465,-25.4395,36.00
1788662,-4.5410,25.1953,-26.4160,36.79
1788673,-4.2969,25.7324,-26.2207,36.99
1788684,-4.2480,24.9512,-25.7813,36.13
1788695,-4.2480,24.9512,-25.7813,36.13
1788705,-4.1504,25.7813,-25.6836,36.63
1788716,-3.9551,25.4395,-26.5625,36.99
1788727,-3.7109,25.3906,-25.7324,36.34
1788738,-4.4922,25.7813,-26.0254,36.91
1788749,-4.3945,25.4395,-25.3906,36.21
1788760,-4.2969,25.4883,-25.9766,36.65
1788771,-4.4434,25.5371,-25.1953,36.15
1788782,-4.4434,25.5371,-25.1953,36.15
1788792,-4.6387,25.5859,-25.6348,36.51
1788803,-4.0527,25.6348,-25.6836,36.51
1788814,-3.9062,25.3906,-26.2695,36.74
1788825,-4.2480,25.4395,-26.4160,36.92
1788836,-4.1992,25.8301,-25.6836,36.67
1788847,-4.2969,25.6836,-25.5371,36.47
1788858,-4.2480,25.3906,-25.1953,36.02
1788869,-4.2480,25.3906,-25.1953,36.02
1788879,-4.4922,25.3418,-25.3906,36.15
1788890,-4.0039,25.5859,-25.2930,36.20
1788901,-4.1992,25.2930,-26.1719,36.64
1788912,-3.7598,25.2930,-25.4395,36.07
1788923,-3.7109,26.0254,-25.8789,36.89
1788934,-3.6133,25.3906,-25.4395,36.12
1788945,-4.0527,25.3418,-25.6836,36.31
1788956,-4.0527,25.3418,-25.6836,36.31
1788966,-4.1016,25.8301,-25.4883,36.52
1788977,-3.7109,25.7324,-25.6836,36.55
1788988,-3.3203,25.3418,-25.6836,36.23
1788999,-3.7598,25.4883,-25.2930,36.10
1789010,-3.7598,25.1953,-25.2441,35.86
1789021,-4.1992,25.8301,-25.6348,36.63
1789032,-3.8086,26.0742,-25.0977,36.39
1789043,-3.8086,26.0742,-25.0977,36.39
1789053,-3.8574,25.3418,-25.8301,36.39
1789064,-3.6621,25.3418,-26.0254,36.51
1789075,-3.6621,25.3906,-25.5371,36.20
1789086,-4.0527,25.2930,-25.5371,36.17
1789097,-3.4180,25.0977,-25.4395,35.90
1789108,-3.4668,25.2930,-25.5859,36.14
1789119,-2.8320,25.3906,-25.5859,36.16
1789130,-2.8320,25.3906,-25.5859,36.16
1789140,-3.0762,25.4395,-25.3418,36.04
1789151,-3.2715,25.2441,-25.4395,35.99
1789162,-3.1250,24.8535,-25.2930,35.60
1789173,-3.0762,25.2930,-25.7324,36.21
1789184,-2.7344,25.5371,-24.9512,35.81
1789195,-2.8809,25.3906,-24.3652,35.31
1789206,-2.2461,25.9766,-24.8535,36.02
1789217,-2.2461,25.9766,-24.8535,36.02
1789227,-2.8320,26.2207,-23.6816,35.45
1789238,-3.1250,26.4648,-24.4629,36.17
1789249,-3.5645,26.8555,-23.8281,36.08
1789260,-3.9551,27.6367,-23.9258,36.77
1789271,-4.9805,27.4902,-23.8281,36.72
1789282,-6.0059,27.5879,-23.6816,36.85
1789293,-6.3477,27.0996,-23.0957,36.17
1789304,-6.3477,27.0996,-23.0957,36.17
1789314,-6.6406,27.2949,-23.3398,36.52
1789325,-6.8359,26.8066,-23.0957,36.04
1789336,-7.5684,26.2695,-23.1445,35.82
1789347,-7.4707,25.9277,-24.0723,36.16
1789358,-6.9336,25.3906,-23.9746,35.60
1789369,-6.7383,25.3418,-23.9746,35.53
1789380,-6.4941,25.2930,-24.4629,35.78
1789391,-6.4941,25.2930,-24.4629,35.78
1789401,-6.1035,25.1465,-24.6582,35.74
1789412,-5.7129,24.7070,-24.1211,35.00
1789423,-5.7129,24.1211,-24.8047,35.07
1789434,-5.4199,24.8047,-24.6094,35.36
1789445,-5.4687,24.9512,-24.4629,35.37
1789456,-4.7363,24.3164,-24.9512,35.16
1789467,-4.5898,24.9512,-25.9766,36.31
1789478,-4.5898,24.9512,-25.9766,36.31
1789488,-5.0293,24.8535,-25.3418,35.85
1789499,-4.7363,25.1465,-25.4395,36.08
1789510,-4.7852,25.0000,-25.0977,35.75
1789521,-4.3457,25.1465,-25.1465,35.83
1789532,-4.8340,24.7559,-25.5371,35.89
1789543,-4.5410,25.3906,-25.6348,36.37
1789554,-4.3457,24.8047,-25.3906,35.76
1789565,-4.3457,24.8047,-25.3906,35.76
1789575,-4.5410,25.3418,-25.4883,36.23
1789586,-4.8340,25.3906,-25.7813,36.51
1789597,-4.6387,25.1465,-25.9277,36.42
1789608,-5.1758,25.1465,-26.3672,36.80
1789619,-4.7363,25.1465,-26.2695,36.67
1789630,-4.3457,25.3906,-25.9766,36.58
1789641,-4.3457,25.1465,-24.9512,35.69
1789652,-3.5156,25.1465,-24.9512,35.60
1789662,-4.7852,25.5859,-25.3418,36.33
1789673,-4.5410,25.0977,-26.1230,36.51
1789684,-4.4434,24.9023,-26.8066,36.86
1789695,-4.0527,25.3906,-26.2695,36.76
1789706,-4.3945,25.4883,-25.7813,36.52
1789717,-4.4434,25.2441,-26.1719,36.63
1789728,-4.4434,25.3418,-26.0742,36.63
1789739,-4.4434,25.3418,-26.0742,36.63
1789749,-4.1992,25.2930,-25.0488,35.84
1789760,-4.2480,25.8789,-25.9766,36.91
1789771,-4.5410,25.4395,-25.8301,36.54
1789782,-4.5410,25.4395,-26.0254,36.68
1789793,-4.2969,25.1953,-25.4883,36.10
1789804,-4.3945,24.8535,-26.2207,36.39
1789815,-4.3945,25.0000,-26.0254,36.35
1789826,-4.2480,25.0000,-26.0254,36.34
1789836,-4.2969,25.2441,-25.8789,36.41
1789847,-3.7109,25.1465,-25.5371,36.03
1789858,-4.1992,25.0000,-26.0254,36.33
1789869,-4.3945,25.2441,-26.5137,36.87
1789880,-4.4434,25.8789,-26.6602,37.42
1789891,-4.5898,25.2930,-25.7813,36.41
1789902,-4.5898,25.2930,-26.3184,36.79
1789913,-3.9062,24.8535,-26.3184,36.41
1789923,-4.3457,25.2441,-25.9277,36.45
1789934,-4.3457,25.1953,-25.7813,36.31
1789945,-4.4922,25.5371,-25.6836,36.50
1789956,-4.8828,25.6348,-26.3184,37.06
1789967,-4.2480,25.7813,-26.3184,37.09
1789978,-4.6875,25.9766,-26.0742,37.10
1789989,-4.6875,25.9766,-26.0742,37.10
1790000,-4.7363,25.3906,-26.0742,36.70
1790010,-4.6875,25.3906,-25.4395,36.25
1790021,-4.1992,25.4883,-25.7324,36.46
1790032,-4.5410,25.3418,-26.2695,36.78
1790043,-4.0527,25.6348,-25.7324,36.55
1790054,-4.1504,25.7813,-25.9766,36.83
1790065,-4.2480,25.6348,-25.3418,36.30
1790076,-4.2480,25.6348,-26.3672,37.02
1790087,-4.7363,25.7813,-26.3672,37.18
1790097,-4.2480,25.4883,-25.8789,36.57
1790108,-4.7363,25.2930,-26.4160,36.88
1790119,-4.1992,25.2930,-26.3184,36.74
1790130,-4.6875,25.2930,-26.4160,36.87
1790141,-4.6875,25.3906,-26.2207,36.80
1790152,-4.4922,25.4883,-26.0254,36.70
1790163,-4.4922,25.4883,-25.8301,36.57
1790174,-4.7363,25.4395,-25.8301,36.56
1790184,-4.1992,25.1465,-26.0742,36.47
1790195,-4.4434,25.2441,-26.2207,36.67
1790206,-4.3945,25.1953,-26.0254,36.49
1790217,-4.7363,25.4395,-26.1230,36.77
1790228,-3.8086,25.6836,-25.3418,36.28
1790239,-4.7852,24.9023,-26.0254,36.34
1790250,-4.7852,24.9023,-25.5859,36.02
1790261,-4.6875,25.0000,-25.5859,36.08
1790271,-4.6875,25.4883,-26.0254,36.73
1790282,-4.8340,25.3418,-26.4160,36.92
1790293,-4.3945,25.5371,-26.0254,36.73
1790304,-4.0039,25.8789,-25.9766,36.89
1790315,-3.7109,25.3906,-25.9277,36.48
1790326,-4.1992,25.4883,-25.5859,36.36
1790337,-4.1992,25.4883,-25.5859,36.36
1790347,-4.0527,25.0488,-25.3906,35.90
1790358,-3.9062,25.4395,-25.9766,36.57
1790369,-4.2480,25.2930,-25.4883,36.16
1790380,-4.4434,25.0488,-26.2695,36.57
1790391,-4.2969,25.7324,-26.3184,37.06
1790402,-4.5410,25.2441,-26.3672,36.78
1790413,-4.3457,25.4883,-26.7578,37.21
1790424,-4.3457,25.4883,-26.7578,37.21
1790434,-4.7363,25.2441,-26.5625,36.95
1790445,-4.5410,25.2441,-25.8301,36.40
1790456,-4.1504,25.1465,-25.9277,36.36
1790467,-4.1992,25.8789,-26.4648,37.25
1790478,-4.2969,25.2930,-26.2695,36.72
1790489,-4.5898,25.2930,-26.0254,36.58
1790500,-4.4434,25.1953,-25.9277,36.43
1790511,-4.4434,25.1953,-25.9277,36.43
1790521,-4.3457,25.4883,-25.8789,36.58
1790532,-4.2480,25.2441,-26.3184,36.71
1790543,-4.0039,25.1953,-26.2695,36.62
1790554,-4.1504,25.4883,-26.0254,36.66
1790565,-3.9551,25.5371,-26.0254,36.68
1790576,-4.3457,25.4395,-25.4883,36.27
1790587,-3.9062,25.2930,-25.8789,36.40
1790598,-3.9062,25.2930,-25.8789,36.40
1790608,-3.8086,25.2930,-25.5859,36.18
1790619,-3.7109,25.3906,-25.9277,36.48
1790630,-3.8574,25.2441,-26.4648,36.78
1790641,-3.9062,25.3906,-26.4160,36.85
1790652,-4.4434,25.0000,-25.8301,36.22
1790663,-3.9551,25.5371,-26.2695,36.85
1790674,-3.8574,25.5859,-25.8789,36.60
1790685,-3.8574,25.5859,-25.8789,36.60
1790695,-4.0527,25.4395,-25.9277,36.55
1790706,-3.9551,25.5371,-26.5137,37.02
1790717,-3.8574,25.5859,-26.2695,36.87
1790728,-4.2480,25.7324,-26.6113,37.26
1790739,-4.2969,25.6836,-25.8789,36.71
1790750,-4.2480,25.8301,-26.4160,37.19
1790761,-4.1992,25.6836,-26.3672,37.05
1790772,-4.1992,25.6836,-26.3672,37.05
1790782,-4.0527,25.1465,-26.3672,36.66
1790793,-4.4434,25.1465,-25.8301,36.32
1790804,-3.8574,25.1465,-26.4648,36.71
1790815,-4.1992,24.9512,-26.2695,36.47
1790826,-4.0039,25.0977,-25.8301,36.24
1790837,-3.8574,25.3418,-26.5625,36.91
1790848,-4.4922,25.5371,-26.5137,37.09
1790859,-4.4922,25.5371,-26.5137,37.09
1790869,-4.2969,25.4395,-25.6836,36.40
1790880,-4.3945,25.4883,-25.8789,36.59
1790891,-3.5645,26.1230,-26.0742,37.08
1790902,-4.1016,25.6348,-26.2207,36.90
1790913,-3.5645,25.0488,-25.8789,36.19
1790924,-3.5156,25.6836,-26.1230,36.80
1790935,-4.0527,25.1953,-26.3672,36.69
1790946,-4.0527,25.1953,-26.3672,36.69
1790956,-4.2969,25.2930,-26.1230,36.61
1790967,-4.3457,25.0977,-26.7578,36.94
1790978,-3.9062,24.8535,-26.1230,36.27
1790989,-4.1504,25.2930,-26.1230,36.60
1791000,-4.3945,25.2930,-25.5371,36.21
1791011,-4.1504,24.8535,-25.5371,35.88
1791022,-4.1016,24.8047,-26.2207,36.33
1791033,-4.1016,24.8047,-26.2207,36.33
1791043,-3.8086,25.1953,-25.8301,36.28
1791054,-4.1992,25.2930,-26.5137,36.88
1791065,-4.3945,25.3906,-26.6602,37.08
1791076,-4.0039,25.4883,-26.6113,37.07
1791087,-4.1992,25.0977,-26.4160,36.68
1791098,-4.7852,25.3418,-25.8301,36.50
1791109,-4.4922,25.6836,-26.1230,36.91
1791120,-4.4922,25.6836,-26.1230,36.91
1791130,-4.1016,25.2441,-26.7578,37.01
1791141,-4.5410,25.3906,-25.4395,36.23
1791152,-3.9551,25.2441,-26.2207,36.61
1791163,-4.4434,25.3906,-26.0742,36.66
1791174,-4.9316,24.9512,-25.3906,35.94
1791185,-4.2969,25.7324,-26.8555,37.44
1791196,-4.1504,25.3906,-26.0254,36.60
1791207,-4.1504,25.3906,-26.0254,36.60
1791217,-3.7598,25.0977,-25.7813,36.18
1791228,-4.0527,25.3418,-25.3906,36.10
1791239,-3.8086,24.8535,-25.9766,36.15
1791250,-4.5410,25.1465,-26.1719,36.58
1791261,-4.2480,25.6348,-25.8789,36.67
1791272,-3.6621,24.8535,-25.9766,36.14
1791283,-4.7363,25.2441,-25.5371,36.22
1791294,-4.7363,25.2441,-25.5371,36.22
1791304,-4.6875,25.1953,-25.7813,36.35
1791315,-3.9551,25.2441,-26.1719,36.58
1791326,-4.0527,25.1953,-25.9766,36.41
1791337,-3.9551,24.8047,-26.0742,36.20
1791348,-3.8574,24.9023,-25.9277,36.16
1791359,-4.1504,24.9512,-26.8066,36.86
1791370,-3.8574,25.1465,-26.2207,36.53
1791381,-3.8574,25.1465,-26.2207,36.53
1791391,-4.1504,24.5605,-26.5625,36.41
1791402,-4.1504,24.8047,-25.6836,35.95
1791413,-3.6621,24.9512,-26.2695,36.42
1791424,-3.7109,24.6094,-25.3906,35.55
1791435,-4.0527,24.6582,-25.9277,36.01
1791446,-4.1016,24.4629,-25.8301,35.81
1791457,-3.4668,24.7559,-25.7324,35.88
1791468,-3.4668,24.7559,-25.7324,35.88
1791478,-3.4180,24.7559,-25.9766,36.05
1791489,-3.5156,25.5859,-25.3906,36.22
1791500,-3.4180,25.7324,-25.1953,36.18
1791511,-2.6855,24.9512,-25.3418,35.66
1791522,-2.9785,25.8789,-25.0000,36.11
1791533,-2.7344,25.8789,-25.4395,36.39
1791544,-2.7344,26.2207,-25.3418,36.57
1791555,-2.7344,26.2207,-25.3418,36.57
1791565,-3.0762,26.6602,-25.1465,36.78
1791576,-3.5645,27.1973,-24.6582,36.88
1791587,-4.4922,27.1484,-24.8535,37.08
1791598,-4.6387,27.2461,-25.0488,37.30
1791609,-5.2246,27.9297,-23.9258,37.15
1791620,-5.6641,27.4414,-24.3164,37.10
1791631,-5.6641,27.3926,-24.0723,36.90
1791642,-6.5430,27.3926,-24.0723,37.05
1791652,-6.9336,26.6602,-23.6328,36.30
1791663,-6.8848,26.2695,-23.7793,36.10
1791674,-7.5195,26.1719,-23.6328,36.06
1791685,-7.7637,25.7813,-23.5840,35.79
1791696,-7.6172,25.4395,-23.6328,35.55
1791707,-7.0801,24.9512,-24.1699,35.45
1791718,-7.0801,25.0977,-25.1465,36.23
1791729,-6.6895,25.0977,-25.1465,36.15
1791739,-6.3477,24.7070,-24.3652,35.28
1791750,-6.2988,24.6094,-24.8535,35.54
1791761,-5.9082,24.6094,-24.9512,35.54
1791772,-5.8105,24.7070,-25.5371,36.00
1791783,-5.4687,24.7070,-25.8301,36.16
1791794,-5.1270,24.7070,-26.1230,36.32
1791805,-5.1270,24.7559,-25.6836,36.04
1791816,-4.9316,24.7559,-25.6836,36.01
1791826,-4.7363,24.8047,-25.9277,36.19
1791837,-5.4199,25.0488,-26.2695,36.70
1791848,-4.6387,24.9023,-26.0742,36.35
1791859,-4.5410,25.3418,-25.7813,36.43
1791870,-4.6387,25.0488,-25.5371,36.07
1791881,-4.2969,25.3418,-27.4414,37.60
1791892,-4.2969,25.3418,-26.2695,36.75
1791903,-4.8340,25.4395,-26.2695,36.89
1791913,-4.6387,24.6582,-27.0996,36.93
1791924,-4.6875,25.4883,-26.4160,37.01
1791935,-4.3457,25.3418,-26.8555,37.18
1791946,-4.4434,25.2441,-26.5137,36.88
1791957,-4.7363,25.2930,-26.1719,36.70
1791968,-4.3457,25.3906,-26.5137,36.97
1791979,-4.3457,25.3906,-26.0742,36.65
1791990,-4.7852,25.0977,-26.0742,36.51
1792000,-4.3457,24.6582,-26.0254,36.11
1792011,-4.1992,25.0977,-26.5625,36.78
1792022,-4.5898,25.3418,-26.3672,36.86
1792033,-4.4434,25.1953,-26.4648,36.81
1792044,-4.3457,25.0488,-26.2695,36.56
1792055,-4.1992,24.8535,-25.9277,36.16
1792066,-4.1992,24.8535,-26.6113,36.65
1792077,-4.7363,25.1465,-26.6113,36.92
1792087,-4.7363,25.0000,-25.9766,36.36
1792098,-4.5898,25.1953,-26.1230,36.58
1792109,-4.3945,25.4883,-26.4160,36.97
1792120,-4.6387,24.9512,-26.0254,36.35
1792131,-4.4434,25.0977,-26.1719,36.53
1792142,-4.2480,25.2930,-26.4648,36.85
1792153,-4.2480,25.2930,-26.4648,36.85
1792163,-4.2969,24.9023,-26.8066,36.84
1792174,-4.4922,25.1465,-26.8555,37.06
1792185,-4.1992,25.0488,-26.8555,36.96
1792196,-4.2480,25.3418,-27.3438,37.52
1792207,-4.4434,25.2930,-26.5137,36.91
1792218,-4.3945,25.0000,-26.6113,36.78
1792229,-4.3945,25.0977,-26.5137,36.77
1792240,-4.3945,25.0977,-26.5137,36.77
1792250,-4.4922,25.3906,-26.7090,37.12
1792261,-3.9062,25.5371,-26.5625,37.05
1792272,-4.2480,25.2930,-26.8555,37.13
1792283,-4.4922,25.7324,-26.9531,37.53
1792294,-4.7363,24.8535,-26.7090,36.79
1792305,-4.3945,25.3906,-26.1230,36.69
1792316,-4.2969,25.0977,-26.2207,36.55
1792327,-4.2969,25.0977,-26.2207,36.55
1792337,-4.5410,25.5859,-26.1230,36.85
1792348,-4.2969,25.2441,-26.8066,37.07
1792359,-4.4922,24.9023,-27.0020,37.01
1792370,-4.4434,25.3418,-26.3672,36.84
1792381,-4.4922,25.4883,-25.9766,36.67
1792392,-4.0039,25.4395,-26.5625,37.00
1792403,-4.6387,25.5371,-26.7090,37.24
1792414,-4.6387,25.5371,-26.7090,37.24
1792424,-4.4922,25.4883,-26.9531,37.37
1792435,-4.0527,24.9512,-26.9043,36.92
1792446,-4.7363,25.1465,-27.2461,37.38
1792457,-4.1504,25.0488,-26.7578,36.89
1792468,-3.8574,25.2441,-27.3438,37.41
1792479,-4.3457,25.1953,-27.0996,37.26
1792490,-4.2480,25.2930,-26.6602,36.99
1792501,-4.2480,25.2930,-26.6602,36.99
1792511,-4.3945,25.1953,-26.5625,36.87
1792522,-4.3457,24.7559,-26.7090,36.68
1792533,-4.1016,25.0488,-26.7578,36.88
1792544,-4.3457,25.3906,-26.2695,36.79
1792555,-4.6387,25.3418,-26.3672,36.86
1792566,-4.6875,25.2930,-26.3672,36.84
1792577,-4.5898,25.3418,-26.7090,37.10
1792588,-4.5898,25.3418,-26.7090,37.10
1792598,-4.6875,24.8047,-26.6602,36.72
1792609,-3.9551,25.1953,-26.2207,36.58
1792620,-4.5410,25.0977,-26.7578,36.97
1792631,-4.0527,25.4395,-26.7090,37.11
1792642,-4.7363,25.6348,-26.8555,37.43
1792653,-4.9805,25.2441,-26.5625,36.98
1792664,-4.3457,25.7324,-26.1719,36.96
1792675,-4.3457,25.7324,-26.1719,36.96
1792685,-4.2969,25.7324,-26.1719,36.95
1792696,-4.0527,25.2441,-26.3184,36.69
1792707,-4.5898,25.0977,-26.6113,36.87
1792718,-4.5898,25.4395,-26.3672,36.93
1792729,-4.1504,25.0488,-25.9766,36.32
1792740,-4.1504,25.5859,-25.8789,36.63
1792751,-3.9062,25.0488,-26.0254,36.33
1792762,-3.9062,25.0488,-26.0254,36.33
1792772,-4.4922,25.0000,-26.7090,36.86
1792783,-4.7363,24.6582,-26.2695,36.34
1792794,-4.4922,24.9023,-26.5137,36.65
1792805,-4.2480,25.1953,-26.3184,36.68
1792816,-4.3457,25.3906,-26.5625,37.00
1792827,-4.4922,24.6582,-26.3184,36.34
1792838,-4.3945,24.9512,-25.8789,36.22
1792849,-4.3945,24.9512,-25.8789,36.22
1792859,-4.0039,25.0000,-26.1230,36.38
1792870,-4.5410,25.2441,-26.5137,36.89
1792881,-4.0527,24.6582,-26.4160,36.36
1792892,-4.2480,25.4395,-27.0020,37.34
1792903,-4.2480,25.2930,-27.1484,37.35
1792914,-4.2480,25.1465,-27.0020,37.14
1792925,-4.4922,24.5117,-26.4648,36.35
1792936,-4.4922,24.5117,-26.4648,36.35
1792946,-4.7363,25.0977,-26.6113,36.88
1792957,-4.7363,24.9512,-26.8555,36.96
1792968,-4.7852,25.1465,-26.1230,36.57
1792979,-4.7363,25.5859,-26.4648,37.11
1792990,-4.8828,25.1465,-26.1230,36.59
1793001,-4.1504,25.2441,-25.7813,36.32
1793012,-4.2969,25.4395,-26.5137,36.99
1793023,-4.2969,25.4395,-26.5137,36.99
1793033,-4.4434,25.0977,-26.0742,36.46
1793044,-4.5898,25.5859,-26.6113,37.20
1793055,-4.5410,25.4883,-26.6113,37.13
1793066,-4.9316,25.3906,-26.7578,37.22
1793077,-4.9316,25.7324,-26.3672,37.17
1793088,-5.0293,25.4395,-26.7090,37.23
1793099,-4.5898,25.5859,-26.2207,36.92
1793110,-4.5898,25.5859,-26.2207,36.92
1793120,-4.6875,25.8301,-26.5625,37.35
1793131,-4.8340,25.7324,-26.7578,37.44
1793142,-4.1016,25.5859,-26.6602,37.18
1793153,-4.1504,25.0488,-26.2207,36.50
1793164,-4.4434,25.8301,-26.3184,37.14
1793175,-4.1016,25.0488,-26.2695,36.53
1793186,-4.3945,24.9512,-26.3672,36.57
1793197,-4.3945,24.9512,-26.3672,36.57
1793207,-4.1016,24.7070,-26.7090,36.61
1793218,-3.8574,25.2441,-26.1230,36.53
1793229,-4.1016,25.0977,-26.5625,36.77
1793240,-4.5898,25.0977,-26.1719,36.55
1793251,-4.1504,25.2441,-26.3672,36.74
1793262,-4.5898,24.9512,-26.6113,36.77
1793273,-4.3457,25.4395,-26.7578,37.18
1793284,-4.3457,25.4395,-26.7578,37.18
1793294,-4.4922,25.0488,-26.9043,37.03
1793305,-4.6875,25.2930,-26.9043,37.22
1793316,-4.1992,25.4883,-26.0742,36.70
1793327,-4.2969,25.2441,-26.9043,37.14
1793338,-4.1504,25.0977,-27.2949,37.31
1793349,-3.9062,25.5371,-26.2695,36.84
1793360,-4.4922,25.0977,-26.5625,36.82
1793371,-4.4922,25.0977,-26.5625,36.82
1793381,-4.1016,24.9512,-27.0508,37.03
1793392,-4.2480,25.2930,-26.2695,36.71
1793403,-3.9551,25.4395,-26.8555,37.20
1793414,-4.1992,24.9512,-26.1719,36.40
1793425,-4.3457,25.0488,-26.8066,36.94
1793436,-4.4434,25.1465,-26.6113,36.88
1793447,-4.2969,25.2441,-26.8555,37.11
1793458,-4.2969,25.2441,-26.8555,37.11
1793468,-4.2969,25.4395,-25.7813,36.47
1793479,-4.1016,25.5371,-26.8066,37.25
1793490,-4.2480,25.3418,-25.9277,36.50
1793501,-3.9551,25.6348,-25.9766,36.71
1793512,-4.1504,24.8535,-26.3184,36.44
1793523,-4.5410,24.8047,-25.9277,36.17
1793534,-4.3457,25.0977,-26.1719,36.52
1793545,-4.3457,25.0977,-26.1719,36.52
1793555,-4.0527,25.4395,-26.4648,36.93
1793566,-4.1504,25.4883,-26.2207,36.80
1793577,-3.8574,24.7070,-25.8301,35.95
1793588,-3.6621,24.9023,-25.8789,36.10
1793599,-3.8574,25.2441,-25.8789,36.36
1793610,-4.3457,24.4629,-25.9766,35.95
1793621,-3.6621,24.9023,-26.0742,36.24
1793632,-3.6621,24.9023,-26.0742,36.24
1793642,-4.0527,25.2441,-26.2207,36.62
1793653,-4.0527,25.0000,-25.9277,36.24
1793664,-3.9062,25.0000,-25.5371,35.95
1793675,-3.7109,25.4395,-26.0254,36.58
1793686,-4.3457,25.0977,-26.6602,36.87
1793697,-4.4922,24.9512,-25.9766,36.30
1793708,-3.7598,25.1465,-26.7090,36.88
1793719,-3.7598,25.1465,-26.7090,36.88
1793729,-4.1016,24.7559,-26.9043,36.79
1793740,-3.9551,24.9023,-26.3672,36.48
1793751,-4.0527,25.4883,-26.0254,36.65
1793762,-3.4180,25.2441,-25.5859,36.11
1793773,-3.8086,25.3418,-25.6836,36.28
1793784,-3.4180,25.3418,-26.1719,36.59
1793795,-3.4180,25.1953,-26.2207,36.52
1793806,-3.0762,25.1953,-26.2207,36.49
1793816,-3.0762,25.4883,-25.6836,36.31
1793827,-3.3203,25.9277,-25.2930,36.37
1793838,-3.0273,26.2207,-25.6348,36.79
1793849,-3.5645,26.5137,-25.3906,36.88
1793860,-3.7598,26.7578,-24.6582,36.58
1793871,-4.1504,27.5879,-23.8770,36.72
1793882,-4.1504,27.3926,-24.4141,36.93
1793893,-5.4199,27.3926,-24.4141,37.09
1793903,-5.6152,27.4414,-24.1699,37.00
1793914,-6.5918,27.0996,-23.6816,36.59
1793925,-6.8848,26.3672,-23.9258,36.26
1793936,-7.5195,25.8789,-23.2910,35.62
1793947,-8.0078,25.3906,-24.1699,35.96
1793958,-7.2266,25.0488,-23.5840,35.15
1793969,-7.2266,25.1953,-23.6328,35.29
1793980,-6.8359,25.1953,-23.6328,35.21
1793990,-6.5430,24.9023,-23.3887,34.78
1794001,-6.5918,24.5605,-24.8047,35.52
1794012,-6.2012,24.4141,-25.1465,35.59
1794023,-5.9570,24.5117,-25.3906,35.79
1794034,-5.5176,24.9512,-25.2930,35.95
1794045,-5.6641,24.5117,-25.5859,35.88
1794056,-5.6641,25.2441,-26.0742,36.73
1794067,-4.6875,25.2441,-26.0742,36.59
1794077,-5.4687,24.5605,-25.0000,35.47
1794088,-5.5176,25.3906,-25.5371,36.43
1794099,-4.5410,25.0488,-25.0000,35.68
1794110,-5.1270,24.9512,-25.7324,36.21
1794121,-4.9316,25.3906,-25.7324,36.49
1794132,-4.6387,25.3418,-25.7324,36.41
1794143,-4.6387,25.0000,-26.1230,36.45
1794154,-4.0527,25.0000,-26.1230,36.38
1794164,-4.6875,25.2441,-25.0977,35.90
1794175,-4.6875,25.4883,-25.7324,36.52
1794186,-4.2480,24.7070,-25.8301,36.00
1794197,-4.7363,24.6582,-26.6602,36.62
1794208,-4.6387,25.0488,-26.0254,36.42
1794219,-4.6387,25.1465,-25.6836,36.24
1794230,-4.6387,25.2930,-25.7324,36.38
1794241,-4.8828,25.2930,-25.7324,36.41
1794251,-4.4434,25.0977,-25.4395,36.01
1794262,-4.2480,25.5859,-25.0488,36.06
1794273,-4.3945,25.6348,-25.3418,36.31
1794284,-4.2480,25.1953,-26.2695,36.65
1794295,-4.3457,25.3906,-25.9277,36.55
1794306,-5.2246,25.1953,-25.9277,36.53
1794317,-5.2246,25.1953,-26.2207,36.74
1794328,-4.4434,25.0977,-26.2207,36.57
1794338,-4.4434,25.3418,-26.6602,37.05
1794349,-4.5410,25.5859,-26.7090,37.26
1794360,-4.9805,25.1953,-26.0254,36.56
1794371,-4.2480,25.3418,-26.7090,37.06
1794382,-4.6875,25.3418,-25.9277,36.56
1794393,-4.3945,24.9512,-25.5859,36.01
1794404,-4.3945,24.9512,-26.1719,36.43
1794415,-4.1504,25.1465,-26.1719,36.53
1794425,-4.6387,24.9512,-26.1230,36.42
1794436,-4.6387,24.7070,-26.1230,36.25
1794447,-4.1504,25.0977,-25.0488,35.70
1794458,-4.3457,25.2930,-25.9766,36.52
1794469,-4.5410,25.5859,-26.1719,36.88
1794480,-4.4922,25.1465,-25.4395,36.05
1794491,-4.4922,25.1465,-26.1230,36.54
1794502,-4.6875,25.2441,-26.1230,36.63
1794512,-4.4434,25.3418,-25.5371,36.25
1794523,-4.0527,25.5371,-25.6348,36.41
1794534,-4.2480,25.5859,-26.3672,36.99
1794545,-4.0039,25.4883,-26.1230,36.72
1794556,-4.5410,25.1953,-25.5859,36.19
1794567,-4.7852,25.7324,-26.4160,37.19
1794578,-4.7852,25.7324,-26.3672,37.15
1794589,-4.6387,24.9023,-26.3672,36.56
1794599,-4.6875,25.3906,-25.9766,36.63
1794610,-3.9551,25.2930,-25.8301,36.37
1794621,-4.2480,25.1465,-26.3184,36.65
1794632,-4.3457,25.3418,-26.4648,36.90
1794643,-4.5898,25.2930,-26.4160,36.86
1794654,-4.5410,25.7324,-25.9277,36.81
1794665,-4.5410,25.7324,-26.3672,37.12
1794676,-4.7363,25.2930,-26.3672,36.84
1794686,-4.4434,24.9023,-26.1230,36.36
1794697,-4.0039,25.5371,-26.2695,36.85
1794708,-4.1504,25.3906,-25.9277,36.53
1794719,-4.2969,25.1953,-25.8789,36.37
1794730,-4.5410,25.1465,-25.4395,36.06
1794741,-4.2480,25.1465,-26.2695,36.61
1794752,-4.2480,25.1465,-26.2695,36.61
1794762,-4.0527,24.9023,-26.4648,36.56
1794773,-4.4434,24.7559,-25.8301,36.05
1794784,-4.4922,26.0742,-25.4883,36.74
1794795,-4.1016,25.8301,-26.2695,37.07
1794806,-4.2480,25.5371,-25.9766,36.67
1794817,-5.2246,25.6836,-26.1230,37.00
1794828,-4.5410,25.5859,-26.2207,36.92
1794839,-4.5410,25.5859,-26.2207,36.92
1794849,-4.5410,25.4883,-26.1230,36.78
1794860,-4.6387,24.8535,-26.7578,36.81
1794871,-4.4434,25.6836,-26.5625,37.22
1794882,-4.5410,25.1953,-26.1230,36.58
1794893,-4.4922,25.0977,-26.1719,36.54
1794904,-4.1016,24.9512,-26.2207,36.43
1794915,-3.8086,25.3418,-26.7090,37.01
1794926,-3.8086,25.3418,-26.7090,37.01
1794936,-4.0039,25.1465,-26.3672,36.66
1794947,-4.9316,25.4395,-27.0996,37.50
1794958,-4.1504,24.7559,-26.7090,36.65
1794969,-4.5898,25.0977,-25.9766,36.41
1794980,-4.5410,24.8047,-26.1719,36.34
1794991,-4.3945,24.9512,-26.1230,36.39
1795002,-4.3457,25.7813,-26.9531,37.55
1795013,-4.3457,25.7813,-26.9531,37.55
1795023,-4.5898,25.0488,-26.1719,36.52
1795034,-4.6875,25.0488,-26.2207,36.56
1795045,-4.7852,25.0977,-26.1719,36.58
1795056,-4.7852,24.5117,-26.2207,36.21
1795067,-4.6387,25.0488,-26.1719,36.52
1795078,-4.1016,25.1953,-26.4648,36.77
1795089,-4.3945,25.4883,-25.9766,36.66
1795100,-4.3945,25.4883,-25.9766,36.66
1795110,-4.3945,25.0000,-26.9531,37.02
1795121,-4.4922,25.1953,-26.4160,36.78
1795132,-4.2969,25.1953,-25.7324,36.27
1795143,-4.4434,25.1953,-26.3184,36.70
1795154,-4.1992,25.1953,-26.6113,36.89
1795165,-3.9551,25.1953,-26.5137,36.79
1795176,-4.5410,25.4395,-26.5625,37.06
1795187,-4.5410,25.4395,-26.5625,37.06
1795197,-4.6875,25.2441,-26.3184,36.77
1795208,-4.4922,24.8535,-26.0742,36.30
1795219,-4.1016,25.1465,-25.7324,36.21
1795230,-4.1992,25.1465,-26.0254,36.43
1795241,-4.7363,24.8535,-25.7324,36.09
1795252,-4.4434,25.0488,-26.3184,36.60
1795263,-4.1016,25.2441,-26.1230,36.56
1795274,-4.1016,25.2441,-26.1230,36.56
1795284,-4.5898,25.4395,-26.0254,36.68
1795295,-4.3945,25.0000,-26.1719,36.46
1795306,-4.9316,25.1465,-26.0742,36.56
1795317,-4.6387,25.2930,-25.9277,36.52
1795328,-4.1016,24.9023,-25.8301,36.11
1795339,-4.8340,25.6836,-25.0977,36.23
1795350,-4.3457,25.2930,-25.7813,36.38
1795361,-4.3457,25.2930,-25.7813,36.38
1795371,-4.8340,25.2441,-26.5137,36.93
1795382,-4.5410,25.5371,-25.8789,36.64
1795393,-4.5410,25.1465,-26.2695,36.65
1795404,-4.6387,25.2930,-26.0742,36.62
1795415,-3.8574,24.9512,-25.7324,36.05
1795426,-4.6387,24.8535,-26.3184,36.49
1795437,-4.5410,25.1953,-26.0742,36.54
1795448,-4.5410,25.1953,-26.0742,36.54
1795458,-4.1016,25.6836,-25.9766,36.76
1795469,-4.4922,25.2441,-26.2207,36.67
1795480,-4.6387,25.4395,-26.4160,36.97
1795491,-4.7363,25.3906,-25.6836,36.42
1795502,-4.6875,25.0488,-26.3184,36.63
1795513,-4.3945,25.2441,-26.2695,36.70
1795524,-4.6387,25.1953,-26.1230,36.59
1795535,-4.6387,25.1953,-26.1230,36.59
1795545,-4.9316,25.0000,-26.2207,36.56
1795556,-4.3945,24.9512,-26.3672,36.57
1795567,-4.3457,24.4141,-26.3184,36.16
1795578,-4.2969,24.7559,-26.5137,36.53
1795589,-3.9551,24.3652,-26.2207,36.01
1795600,-4.6387,25.0977,-26.1719,36.56
1795611,-4.7363,24.8535,-26.1230,36.37
1795622,-4.7363,24.8535,-26.1230,36.37
1795632,-4.3945,25.2441,-25.9277,36.45
1795643,-4.2969,24.7070,-25.6836,35.90
1795654,-4.9805,24.8047,-26.0254,36.30
1795665,-4.6875,25.5859,-25.9766,36.76
1795676,-4.3457,25.1465,-26.0254,36.45
1795687,-3.9062,25.6348,-26.1230,36.81
1795698,-4.7363,25.7324,-26.5137,37.25
1795709,-4.7363,25.7324,-26.5137,37.25
1795719,-4.2480,25.6348,-26.4160,37.05
1795730,-4.1016,25.0000,-26.1230,36.39
1795741,-4.0039,25.3418,-26.6113,36.96
1795752,-4.1016,25.0488,-26.4648,36.67
1795763,-4.1016,25.0000,-26.6113,36.74
1795774,-4.5898,25.3418,-25.8301,36.48
1795785,-3.6621,25.2441,-25.9766,36.41
1795796,-3.6621,25.2441,-25.9766,36.41
1795806,-4.0527,25.3418,-26.7090,37.04
1795817,-3.8086,25.4883,-26.3184,36.83
1795828,-3.8574,25.2930,-26.7578,37.02
1795839,-3.7598,25.0488,-26.6113,36.74
1795850,-3.3203,24.8535,-26.4648,36.46
1795861,-3.8086,25.3906,-26.2695,36.73
1795872,-3.2715,25.0488,-26.0742,36.30
1795883,-3.2715,25.0488,-26.0742,36.30
1795893,-2.9785,25.1465,-26.1719,36.42
1795904,-2.9297,25.2930,-25.4395,35.99
1795915,-3.5156,25.0000,-25.5371,35.91
1795926,-3.1738,24.9023,-25.6348,35.88
1795937,-2.7832,25.3418,-25.3906,35.98
1795948,-3.0762,25.3418,-24.5117,35.39
1795959,-2.7832,25.7324,-25.2441,36.15
1795970,-2.7832,25.7324,-25.2441,36.15
1795980,-2.4902,25.8301,-24.6094,35.76
1795991,-2.9785,26.3672,-25.0000,36.46
1796002,-3.4180,26.6113,-24.4141,36.28
1796013,-4.4434,27.0508,-24.4629,36.74
1796024,-4.7363,27.7344,-23.9746,36.96
1796035,-5.7617,27.0020,-23.9258,36.53
1796046,-6.3965,27.1973,-24.6094,37.23
1796057,-6.3965,27.1973,-24.6094,37.23
1796067,-6.4941,25.5371,-24.3652,35.89
1796078,-7.1289,25.7813,-24.3652,36.18
1796089,-7.3730,25.1465,-23.8281,35.42
1796100,-6.9824,25.0488,-24.4629,35.70
1796111,-6.5918,24.0234,-24.1211,34.68
1796122,-6.2012,24.4141,-24.8535,35.39
1796133,-6.3477,24.6582,-24.3164,35.21
1796144,-6.3477,24.6582,-24.3164,35.21
1796154,-5.4687,23.8770,-24.4629,34.62
1796165,-5.5664,23.7305,-25.1465,35.02
1796176,-5.3711,23.9746,-25.5859,35.47
1796187,-5.1270,23.9258,-25.7324,35.51
1796198,-5.2734,24.3652,-25.2441,35.48
1796209,-4.4922,24.2676,-25.4395,35.44
1796220,-4.5898,24.2676,-26.1230,35.95
1796231,-4.5898,24.2676,-26.1230,35.95
1796241,-4.3945,24.6582,-26.3672,36.37
1796252,-4.5410,24.8535,-26.0254,36.27
1796263,-4.1504,24.8535,-25.9277,36.15
1796274,-4.0039,25.0488,-26.1719,36.45
1796285,-4.5898,25.0488,-25.5859,36.10
1796296,-4.0527,25.2930,-26.0254,36.52
1796307,-4.0527,25.0000,-25.8301,36.17
1796318,-4.2480,25.0000,-25.8301,36.20
1796328,-3.7109,25.1953,-24.9512,35.65
1796339,-3.9551,25.0000,-26.1719,36.41
1796350,-4.1016,25.0000,-25.5859,36.01
1796361,-4.2480,25.0977,-26.2695,36.58
1796372,-4.2969,25.0977,-26.3184,36.62
1796383,-4.5410,24.7559,-26.2207,36.35
1796394,-4.5410,24.8535,-25.9277,36.20
1796405,-4.1992,24.8535,-25.9277,36.16
1796415,-4.5898,24.3164,-26.1230,35.98
1796426,-4.5410,25.3906,-26.3184,36.85
1796437,-4.0039,25.3906,-26.5137,36.93
1796448,-4.1992,25.2930,-27.0020,37.24
1796459,-5.1270,25.2441,-27.1484,37.42
1796470,-4.6387,24.8047,-26.2695,36.43
1796481,-4.6387,24.7559,-25.4883,35.83
1796492,-4.8340,24.7559,-25.4883,35.86
1796502,-4.8340,24.9023,-25.9277,36.27
1796513,-4.2969,25.5371,-26.4648,37.03
1796524,-4.5410,25.3418,-25.7813,36.43
1796535,-4.7852,24.9023,-26.6113,36.76
1796546,-4.5410,25.4883,-26.2695,36.88
1796557,-4.7363,25.0977,-26.8555,37.06
1796568,-4.7363,25.0977,-26.1719,36.57
1796579,-4.3457,24.8535,-26.1719,36.35
1796589,-5.0781,24.7070,-27.0508,36.99
1796600,-4.4434,25.4395,-26.6113,37.08
1796611,-4.3457,24.8047,-26.0254,36.21
1796622,-4.7852,25.4883,-27.2949,37.65
1796633,-4.5410,25.8301,-26.3672,37.19
1796644,-4.3945,25.2441,-26.7090,37.01
1796655,-4.3945,25.2441,-26.7578,37.05
1796666,-4.2480,25.1953,-26.7578,37.00
1796676,-4.2969,25.1953,-26.5137,36.83
1796687,-4.0527,24.9023,-26.9043,36.88
1796698,-4.5898,25.2441,-26.2207,36.69
1796709,-5.0293,24.9023,-26.5625,36.76
1796720,-4.7852,25.3906,-26.7090,37.16
1796731,-4.5898,25.0488,-26.4648,36.73
1796742,-4.5898,25.0488,-26.4160,36.69
1796753,-4.7363,25.2441,-26.4160,36.84
1796763,-4.2480,25.0977,-26.0254,36.40
1796774,-4.5410,25.5859,-26.5625,37.16
1796785,-4.2480,25.0000,-26.6113,36.76
1796796,-4.1016,25.2441,-26.4648,36.80
1796807,-4.1992,25.7813,-26.7578,37.39
1796818,-4.3945,25.7324,-27.0508,37.59
1796829,-4.3945,25.7324,-26.7578,37.38
1796840,-4.9316,25.2441,-26.7578,37.12
1796850,-4.7363,25.3906,-26.2695,36.84
1796861,-4.4922,25.3906,-26.8555,37.23
1796872,-4.7852,25.0000,-25.9277,36.33
1796883,-4.7363,25.2930,-26.2207,36.74
1796894,-4.5898,25.1465,-26.3672,36.72
1796905,-4.1016,25.4883,-26.2207,36.80
1796916,-4.1016,25.4883,-26.2207,36.80
1796926,-4.4434,25.3906,-25.9277,36.56
1796937,-4.5410,24.9023,-25.6348,36.03
1796948,-4.3457,25.0488,-26.4160,36.66
1796959,-4.4434,24.5117,-26.3184,36.24
1796970,-4.8340,24.9023,-25.5371,35.99
1796981,-4.2969,25.0488,-26.3184,36.59
1796992,-4.6387,25.4395,-26.2207,36.83
1797003,-4.6387,25.4395,-26.2207,36.83
1797013,-4.2969,25.3906,-25.4883,36.23
1797024,-4.3945,25.2930,-26.0254,36.56
1797035,-3.7109,25.1953,-26.4648,36.73
1797046,-4.0527,25.6836,-26.5625,37.17
1797057,-4.2969,25.2930,-26.0254,36.54
1797068,-4.2480,25.3418,-26.3672,36.82
1797079,-4.2969,25.3418,-26.3672,36.82
1797090,-4.2969,25.3418,-26.3672,36.82
1797100,-4.4434,24.7559,-25.2930,35.67
1797111,-4.0039,25.2441,-26.3672,36.72
1797122,-4.3457,25.0977,-26.2207,36.56
1797133,-4.4434,24.8047,-26.4160,36.51
1797144,-4.5410,25.0977,-26.4160,36.72
1797155,-4.2480,25.0000,-26.6113,36.76
1797166,-4.3945,25.2441,-26.1719,36.63
1797177,-4.3945,25.2441,-26.1719,36.63
1797187,-4.3457,25.1953,-26.2695,36.66
1797198,-4.4922,25.3418,-25.6348,36.33
1797209,-4.2480,25.0977,-25.3906,35.95
1797220,-4.5410,25.0000,-26.4648,36.69
1797231,-4.4922,25.0977,-26.3672,36.68
1797242,-4.2969,25.4883,-26.6113,37.10
1797253,-4.1504,24.8535,-26.3184,36.44
1797264,-4.1504,24.8535,-26.3184,36.44
1797274,-4.2969,25.1953,-26.2207,36.62
1797285,-4.9316,25.3418,-26.5625,37.04
1797296,-4.5898,25.5859,-26.9043,37.41
1797307,-4.0039,25.1953,-26.1230,36.51
1797318,-4.3945,25.0000,-26.0742,36.39
1797329,-3.9062,25.0488,-26.6113,36.75
1797340,-4.3945,25.0488,-25.9766,36.35
1797351,-4.3945,25.0488,-25.9766,36.35
1797361,-4.6387,25.0488,-26.0742,36.45
1797372,-4.1992,24.8535,-25.9766,36.20
1797383,-4.0039,25.1953,-26.4648,36.76
1797394,-4.0039,25.3418,-25.9766,36.51
1797405,-3.7598,24.7070,-26.0742,36.12
1797416,-4.1504,25.1953,-26.1719,36.56
1797427,-4.5898,24.6582,-26.2207,36.29
1797438,-4.5898,24.6582,-26.2207,36.29
1797448,-4.4434,25.0000,-26.9043,36.99
1797459,-4.3945,25.1465,-26.3672,36.70
1797470,-4.4434,25.0000,-26.5137,36.71
1797481,-4.5898,25.5371,-26.6113,37.17
1797492,-4.8340,25.0000,-25.9277,36.34
1797503,-5.1758,25.4395,-26.2207,36.90
1797514,-4.7363,25.4395,-26.4648,37.01
1797525,-4.7363,25.4395,-26.4648,37.01
1797535,-4.7363,24.9023,-25.9766,36.30
1797546,-4.3457,24.8535,-26.3184,36.46
1797557,-5.0293,24.6582,-26.0742,36.24
1797568,-4.4434,24.9512,-25.7813,36.15
1797579,-4.6875,25.1465,-26.2207,36.63
1797590,-4.8828,25.3906,-26.6113,37.10
1797601,-4.7852,25.5371,-26.5625,37.16
1797612,-4.7852,25.5371,-26.5625,37.16
1797622,-5.1270,24.5605,-25.4395,35.73
1797633,-4.6387,24.6582,-25.9766,36.12
1797644,-4.7363,25.0488,-25.9277,36.36
1797655,-5.0781,25.2441,-26.5137,36.96
1797666,-5.1270,25.4883,-26.5625,37.17
1797677,-5.4199,25.0488,-25.6836,36.28
1797688,-4.3945,24.6582,-26.5137,36.47
1797699,-4.3945,24.6582,-26.5137,36.47
1797709,-4.3457,24.8535,-26.0742,36.28
1797720,-4.7852,24.7559,-25.9277,36.17
1797731,-4.5410,24.8047,-27.0508,36.98
1797742,-4.7363,25.1465,-26.6602,36.95
1797753,-4.4922,25.4395,-26.4160,36.95
1797764,-4.8340,25.3418,-25.4883,36.27
1797775,-4.5898,25.3418,-25.8301,36.48
1797786,-4.5898,25.3418,-25.8301,36.48
1797796,-4.3945,25.0977,-26.1230,36.49
1797807,-4.7852,25.0977,-26.6602,36.93
1797818,-4.5898,24.9023,-26.9531,36.98
1797829,-4.1016,25.3418,-26.9531,37.22
1797840,-4.0039,25.3418,-26.7090,37.04
1797851,-3.9062,24.7070,-25.6348,35.82
1797862,-4.2480,25.0000,-25.9277,36.27
1797873,-4.2480,25.0000,-25.9277,36.27
1797883,-4.3945,24.7559,-25.8789,36.08
1797894,-4.5410,24.9512,-25.7324,36.13
1797905,-4.6387,25.5859,-25.8301,36.65
1797916,-4.1016,25.1953,-25.9766,36.42
1797927,-3.9551,24.8535,-26.5625,36.59
1797938,-3.7598,25.0488,-25.7813,36.14
1797949,-3.8086,25.1465,-26.6602,36.85
1797960,-3.8086,25.1465,-26.6602,36.85
1797970,-3.3203,24.8535,-26.2207,36.28
1797981,-3.3203,25.0000,-26.2207,36.38
1797992,-3.5645,24.8047,-26.1230,36.20
1798003,-3.5156,24.5605,-25.9766,35.92
1798014,-2.9297,24.5117,-26.5137,36.23
1798025,-3.0762,25.3418,-25.5371,36.11
1798036,-3.3203,25.2441,-25.3906,35.96
1798047,-3.3203,25.2441,-25.3906,35.96
1798057,-3.2227,24.9023,-25.7324,35.95
1798068,-2.9297,25.5371,-25.7324,36.37
1798079,-3.2715,25.6348,-25.0000,35.96
1798090,-2.9785,26.0742,-24.9023,36.18
1798101,-3.1738,26.2695,-25.8789,37.01
1798112,-3.8574,26.8555,-24.8535,36.79
1798123,-4.5898,26.6602,-25.1465,36.93
1798134,-4.5898,26.6602,-25.1465,36.93
1798144,-5.7617,27.3438,-24.9023,37.43
1798155,-6.1035,27.2949,-24.2676,37.03
1798166,-6.4941,27.4414,-24.4141,37.30
1798177,-6.5918,26.6602,-24.4629,36.78
1798188,-7.6660,25.8301,-24.0234,36.10
1798199,-7.3242,25.5371,-24.3164,36.01
1798210,-7.3730,25.0000,-24.1211,35.51
1798221,-7.3730,25.0000,-24.1211,35.51
1798231,-6.9824,25.2441,-24.8047,36.07
1798242,-6.9824,24.8535,-24.7070,35.73
1798253,-5.8594,24.6094,-24.5605,35.26
1798264,-5.7129,24.5605,-24.9023,35.44
1798275,-5.5176,24.1211,-26.0742,35.95
1798286,-5.3223,24.2676,-25.0977,35.31
1798297,-5.3223,24.1699,-25.4395,35.49
1798308,-5.3711,24.1699,-25.4395,35.50
1798318,-5.2734,24.6094,-25.3418,35.72
1798329,-4.9316,24.4629,-25.7813,35.88
1798340,-4.7852,24.8535,-25.8789,36.20
1798351,-4.6387,24.4629,-25.8789,35.91
1798362,-4.3945,24.7559,-25.4395,35.77
1798373,-4.1504,24.9512,-25.9277,36.22
1798384,-4.1504,24.6094,-25.6836,35.81
1798395,-4.7363,24.6094,-25.6836,35.88
1798405,-4.5898,24.8047,-25.9277,36.17
1798416,-4.3457,24.6094,-26.3672,36.33
1798427,-4.6387,25.1465,-25.9277,36.42
1798438,-4.7852,25.2441,-26.0254,36.57
1798449,-4.6875,25.1953,-25.6836,36.28
1798460,-5.1270,25.3906,-26.1719,36.82
1798471,-5.1270,25.1953,-26.5137,36.93
1798482,-4.1504,25.1953,-26.5137,36.81
1798492,-4.7363,25.3906,-26.6113,37.08
1798503,-4.5410,25.2930,-26.7090,37.06
1798514,-4.5410,25.4395,-26.5625,37.06
1798525,-4.4434,25.1465,-26.3672,36.71
1798536,-4.4922,25.2441,-26.5137,36.88
1798547,-4.4434,25.0977,-25.8789,36.32
1798558,-4.4434,25.0977,-26.0254,36.43
1798569,-4.2480,25.0000,-26.0254,36.34
1798579,-4.1992,24.6094,-25.6348,35.78
1798590,-4.3457,24.9023,-26.3184,36.49
1798601,-4.3945,25.1953,-26.3672,36.73
1798612,-4.1504,24.6582,-26.2207,36.23
1798623,-4.1992,25.0977,-26.0742,36.43
1798634,-4.6875,24.7559,-26.2695,36.40
1798645,-4.6875,24.7559,-26.4648,36.54
1798656,-4.1992,24.5117,-26.4648,36.32
1798666,-3.9062,24.5605,-26.1719,36.10
1798677,-4.3457,25.2441,-26.9043,37.15
1798688,-4.2480,24.6094,-26.2207,36.21
1798699,-4.2969,24.8535,-26.3184,36.45
1798710,-4.3945,24.9023,-26.4160,36.57
1798721,-4.2969,25.0000,-26.3184,36.55
1798732,-4.2969,25.0000,-26.1230,36.41
1798743,-4.8828,25.1953,-26.1230,36.62
1798753,-4.4922,24.6582,-26.7090,36.63
1798764,-4.7363,25.2441,-26.2207,36.70
1798775,-4.1016,25.2441,-27.2461,37.37
1798786,-4.1992,25.0000,-27.1973,37.18
1798797,-4.1016,24.6094,-26.4648,36.37
1798808,-4.4434,24.8535,-26.4648,36.58
1798819,-4.4434,24.8535,-26.4648,36.58
1798829,-4.5410,25.0977,-27.0020,37.14
1798840,-4.2969,25.0977,-26.9043,37.04
1798851,-4.4922,25.0000,-26.0742,36.40
1798862,-4.3457,25.5371,-26.8066,37.28
1798873,-3.9062,25.1465,-26.4648,36.72
1798884,-4.4922,24.9512,-25.8789,36.23
1798895,-4.6387,24.9512,-26.3184,36.56
1798906,-4.6387,24.9512,-26.3184,36.56
1798916,-4.7363,25.2441,-26.2695,36.74
1798927,-4.4434,24.6582,-26.0742,36.16
1798938,-4.3457,25.0488,-26.0742,36.42
1798949,-4.2480,24.8535,-25.7813,36.06
1798960,-4.5410,25.2930,-25.6836,36.33
1798971,-4.4434,25.0488,-26.2695,36.57
1798982,-4.3457,24.9023,-25.9277,36.21
1798993,-4.3457,24.9023,-25.9277,36.21
1799003,-4.1992,24.8535,-26.9043,36.87
1799014,-4.1504,24.9023,-26.4648,36.58
1799025,-4.5898,25.2441,-26.6113,36.97
1799036,-4.4434,25.4395,-26.8555,37.26
1799047,-4.7363,24.9023,-26.6602,36.79
1799058,-4.5898,25.0977,-25.7813,36.27
1799069,-4.5898,25.2930,-26.2207,36.72
1799080,-4.5898,25.2930,-26.2207,36.72
1799090,-4.5898,25.1465,-26.3184,36.69
1799101,-4.2969,24.9023,-26.1230,36.35
1799112,-4.1016,25.3418,-26.1719,36.66
1799123,-4.3945,24.8535,-26.0742,36.29
1799134,-4.2480,25.2930,-26.1230,36.61
1799145,-4.4434,25.4395,-26.7090,37.15
1799156,-4.2969,25.3906,-26.0742,36.65
1799167,-4.2969,25.3906,-26.0742,36.65
1799177,-4.3945,24.7070,-26.6113,36.58
1799188,-4.2480,25.4395,-26.4160,36.92
1799199,-4.7363,25.1465,-26.2695,36.67
1799210,-4.1992,25.0488,-26.7578,36.89
1799221,-4.4434,25.7324,-26.0254,36.87
1799232,-4.6875,25.5371,-26.9043,37.39
1799243,-4.7363,25.5371,-26.2207,36.91
1799254,-4.7363,25.5371,-26.2207,36.91
1799264,-4.4434,25.2441,-26.4160,36.81
1799275,-4.4922,25.1465,-26.0254,36.47
1799286,-4.8828,24.6094,-26.6602,36.61
1799297,-4.5410,25.0488,-26.4160,36.69
1799308,-4.9316,24.7559,-26.5137,36.61
1799319,-5.1270,24.7070,-26.8555,36.85
1799330,-4.4922,24.7559,-26.3184,36.41
1799341,-4.4922,24.7559,-26.3184,36.41
1799351,-4.1016,24.6094,-26.1230,36.12
1799362,-4.1992,25.3418,-25.7324,36.36
1799373,-4.6387,25.2930,-26.1230,36.66
1799384,-4.5898,25.6348,-26.7090,37.30
1799395,-4.3457,25.0977,-26.5137,36.77
1799406,-4.2480,25.1465,-26.4648,36.75
1799417,-4.2969,24.9512,-26.5137,36.66
1799428,-4.2969,24.9512,-26.5137,36.66
1799438,-4.3945,25.0488,-26.1719,36.49
1799449,-4.4434,25.5859,-27.1484,37.57
1799460,-4.0527,24.8047,-26.4160,36.46
1799471,-4.1016,25.3418,-26.3184,36.77
1799482,-4.6387,24.9023,-27.0020,37.02
1799493,-4.4434,24.9512,-26.1230,36.40
1799504,-4.4434,25.3906,-26.1719,36.73
1799515,-4.4434,25.3906,-26.1719,36.73
1799525,-4.1992,25.1953,-26.4648,36.78
1799536,-4.3457,25.4883,-26.2695,36.86
1799547,-4.5410,24.4629,-26.2695,36.18
1799558,-4.8828,25.7813,-26.0254,36.96
1799569,-4.6875,25.0488,-25.7324,36.22
1799580,-4.9805,25.1953,-25.6348,36.29
1799591,-4.8828,24.5117,-25.6348,35.80
1799602,-4.8828,24.5117,-25.6348,35.80
1799612,-3.8086,24.3652,-25.6348,35.57
1799623,-4.5410,24.8535,-25.9766,36.24
1799634,-4.7363,25.1465,-26.2207,36.64
1799645,-4.8340,24.6582,-26.2695,36.35
1799656,-4.7363,24.9512,-26.2207,36.50
1799667,-4.2480,25.3906,-26.7578,37.13
1799678,-4.5898,25.1953,-25.9277,36.44
1799689,-4.5898,25.1953,-25.9277,36.44
1799699,-4.5898,25.3418,-25.9277,36.54
1799710,-4.4434,24.8535,-25.6836,36.02
1799721,-4.2480,25.0977,-26.6113,36.83
1799732,-4.9316,25.2930,-25.5371,36.28
1799743,-4.4922,25.3906,-25.6348,36.36
1799754,-4.3457,24.9023,-26.4648,36.60
1799765,-4.3457,24.8535,-26.5625,36.64
1799776,-4.3457,24.8535,-26.5625,36.64
1799786,-4.1016,25.6836,-26.6113,37.21
1799797,-3.9551,25.3906,-26.5137,36.92
1799808,-4.1016,25.2930,-26.5137,36.87
1799819,-3.9551,25.2930,-25.9766,36.47
1799830,-3.9062,25.5859,-25.7813,36.53
1799841,-4.1016,25.3418,-26.1230,36.63
1799852,-3.9062,25.4395,-26.4160,36.88
1799863,-3.9062,25.4395,-26.4160,36.88
1799873,-4.7852,25.4395,-25.6348,36.43
1799884,-4.3945,24.8047,-26.1719,36.33
1799895,-4.8340,25.2441,-26.0742,36.61
1799906,-4.1992,24.8535,-26.2207,36.37
1799917,-4.3945,25.6348,-26.3672,37.04
1799928,-4.2480,25.4395,-25.8301,36.50
1799939,-4.8828,25.1465,-26.1719,36.62
1799950,-4.8828,25.1465,-26.1719,36.62
1799960,-4.5898,24.7070,-26.3672,36.42
1799971,-4.2480,25.7813,-26.2207,37.02
1799982,-4.3945,25.2930,-26.6113,36.98
1799993,-4.0527,25.2930,-26.4160,36.80
1800004,-4.3457,25.5371,-25.9766,36.69
1800015,-4.3945,25.1953,-25.7324,36.28
1800026,-4.1992,25.2441,-26.3672,36.74
1800037,-4.1992,25.2441,-26.3672,36.74
1800047,-4.4922,25.1465,-26.3184,36.68
1800058,-4.3945,25.4395,-26.2207,36.80
1800069,-4.3457,24.8535,-25.4883,35.86
1800080,-4.5898,24.8047,-25.8789,36.14
1800091,-3.6621,25.0000,-26.6602,36.73
1800102,-4.1992,25.7813,-26.1719,36.98
1800113,-4.7363,25.3906,-26.2695,36.84
1800124,-4.7363,25.3906,-26.2695,36.84
1800134,-4.5410,25.3418,-25.8301,36.47
1800145,-4.4434,25.3906,-26.8066,37.19
1800156,-4.1016,25.0977,-26.3672,36.63
1800167,-4.3945,25.2930,-26.5137,36.91
1800178,-4.1016,25.4395,-26.4648,36.94
1800189,-4.4922,25.6836,-26.2695,37.01
1800200,-4.4922,25.2441,-25.8789,36.43
1800211,-4.0039,25.2441,-25.8789,36.37
1800221,-4.1504,24.8047,-26.1719,36.30
1800232,-4.2480,25.0488,-26.0742,36.41
1800243,-4.6387,24.9023,-26.0254,36.32
1800254,-4.2480,25.4883,-26.6113,37.09
1800265,-4.6387,25.0488,-26.0254,36.42
1800276,-4.1504,25.4883,-26.5137,37.01
1800287,-4.1504,25.2441,-26.2207,36.63
1800298,-4.1992,25.2441,-26.2207,36.64
1800308,-4.6875,25.6348,-25.8301,36.69
1800319,-4.5898,25.3418,-25.8789,36.51
1800330,-4.1992,25.1465,-25.5859,36.12
1800341,-4.3945,25.4883,-25.5859,36.38
1800352,-4.1992,25.4883,-26.0742,36.70
1800363,-4.5410,25.0000,-26.3672,36.62
